Brand,Model,Year,Part_Name,Price_LKR (Indicative),Source (Market Listing Category)
toyota,allion,2007,Alloy Wheel (Single),41600.0,ikman.lk & daraz.lk
toyota,allion,2007,Brake Pad Set (Front),14300.0,daraz.lk
toyota,allion,2007,Fender (LH),26100.0,ikman.lk
toyota,allion,2007,Fender (RH),26100.0,ikman.lk
toyota,allion,2007,Front Bumper,47500.0,ikman.lk
toyota,allion,2007,Front Door (LH),84900.0,ikman.lk
toyota,allion,2007,Front Door (RH),84900.0,ikman.lk
toyota,allion,2007,Front Grille,29700.0,ikman.lk & daraz.lk
toyota,allion,2007,Front Windshield,91500.0,ikman.lk
toyota,allion,2007,Headlight (LH),29700.0,ikman.lk & newpgenterprises.com
toyota,allion,2007,Headlight (RH),29700.0,ikman.lk & newpgenterprises.com
toyota,allion,2007,Hood/Bonnet,78400.0,ikman.lk
toyota,allion,2007,Hybrid Battery,,batterylab.lk
toyota,allion,2007,Radiator,53500.0,ikman.lk
toyota,allion,2007,Rear Door (LH),78400.0,ikman.lk
toyota,allion,2007,Rear Door (RH),78400.0,ikman.lk
toyota,allion,2007,Shock Absorber (Front),35600.0,ikman.lk
toyota,allion,2007,Side Mirror (LH),21400.0,ikman.lk
toyota,allion,2007,Side Mirror (RH),21400.0,ikman.lk
toyota,allion,2007,Tail Light (LH),23800.0,ikman.lk
toyota,allion,2007,Tail Light (RH),23800.0,ikman.lk
toyota,allion,2010,Alloy Wheel (Single),41600.0,ikman.lk & daraz.lk
toyota,allion,2010,Brake Pad Set (Front),14300.0,daraz.lk
toyota,allion,2010,Fender (LH),26100.0,ikman.lk
toyota,allion,2010,Fender (RH),26100.0,ikman.lk
toyota,allion,2010,Front Bumper,47500.0,ikman.lk
toyota,allion,2010,Front Door (LH),84900.0,ikman.lk
toyota,allion,2010,Front Door (RH),84900.0,ikman.lk
toyota,allion,2010,Front Grille,29700.0,ikman.lk & daraz.lk
toyota,allion,2010,Front Windshield,91500.0,ikman.lk
toyota,allion,2010,Headlight (LH),29700.0,ikman.lk & newpgenterprises.com
toyota,allion,2010,Headlight (RH),29700.0,ikman.lk & newpgenterprises.com
toyota,allion,2010,Hood/Bonnet,78400.0,ikman.lk
toyota,allion,2010,Hybrid Battery,,batterylab.lk
toyota,allion,2010,Radiator,53500.0,ikman.lk
toyota,allion,2010,Rear Door (LH),78400.0,ikman.lk
toyota,allion,2010,Rear Door (RH),78400.0,ikman.lk
toyota,allion,2010,Shock Absorber (Front),35600.0,ikman.lk
toyota,allion,2010,Side Mirror (LH),21400.0,ikman.lk
toyota,allion,2010,Side Mirror (RH),21400.0,ikman.lk
toyota,allion,2010,Tail Light (LH),23800.0,ikman.lk
toyota,allion,2010,Tail Light (RH),23800.0,ikman.lk
toyota,allion,2014,Alloy Wheel (Single),46200.0,ikman.lk & daraz.lk
toyota,allion,2014,Brake Pad Set (Front),15800.0,daraz.lk
toyota,allion,2014,Fender (LH),29000.0,ikman.lk
toyota,allion,2014,Fender (RH),29000.0,ikman.lk
toyota,allion,2014,Front Bumper,52800.0,ikman.lk
toyota,allion,2014,Front Door (LH),94400.0,ikman.lk
toyota,allion,2014,Front Door (RH),94400.0,ikman.lk
toyota,allion,2014,Front Grille,33000.0,ikman.lk & daraz.lk
toyota,allion,2014,Front Windshield,101600.0,ikman.lk
toyota,allion,2014,Headlight (LH),33000.0,ikman.lk & newpgenterprises.com
toyota,allion,2014,Headlight (RH),33000.0,ikman.lk & newpgenterprises.com
toyota,allion,2014,Hood/Bonnet,87100.0,ikman.lk
toyota,allion,2014,Hybrid Battery,,batterylab.lk
toyota,allion,2014,Radiator,59400.0,ikman.lk
toyota,allion,2014,Rear Door (LH),87100.0,ikman.lk
toyota,allion,2014,Rear Door (RH),87100.0,ikman.lk
toyota,allion,2014,Shock Absorber (Front),39600.0,ikman.lk
toyota,allion,2014,Side Mirror (LH),23800.0,ikman.lk
toyota,allion,2014,Side Mirror (RH),23800.0,ikman.lk
toyota,allion,2014,Tail Light (LH),26400.0,ikman.lk
toyota,allion,2014,Tail Light (RH),26400.0,ikman.lk
toyota,aqua,2012,Alloy Wheel (Single),35000.0,ikman.lk & daraz.lk
toyota,aqua,2012,Brake Pad Set (Front),12000.0,daraz.lk
toyota,aqua,2012,Fender (LH),22000.0,ikman.lk
toyota,aqua,2012,Fender (RH),22000.0,ikman.lk
toyota,aqua,2012,Front Bumper,40000.0,ikman.lk
toyota,aqua,2012,Front Door (LH),71500.0,ikman.lk
toyota,aqua,2012,Front Door (RH),71500.0,ikman.lk
toyota,aqua,2012,Front Grille,25000.0,ikman.lk & daraz.lk
toyota,aqua,2012,Front Windshield,77000.0,ikman.lk
toyota,aqua,2012,Headlight (LH),25000.0,ikman.lk & newpgenterprises.com
toyota,aqua,2012,Headlight (RH),25000.0,ikman.lk & newpgenterprises.com
toyota,aqua,2012,Hood/Bonnet,66000.0,ikman.lk
toyota,aqua,2012,Hybrid Battery,595000.0,batterylab.lk
toyota,aqua,2012,Radiator,45000.0,ikman.lk
toyota,aqua,2012,Rear Door (LH),66000.0,ikman.lk
toyota,aqua,2012,Rear Door (RH),66000.0,ikman.lk
toyota,aqua,2012,Shock Absorber (Front),30000.0,ikman.lk
toyota,aqua,2012,Side Mirror (LH),18000.0,ikman.lk
toyota,aqua,2012,Side Mirror (RH),18000.0,ikman.lk
toyota,aqua,2012,Tail Light (LH),20000.0,ikman.lk
toyota,aqua,2012,Tail Light (RH),20000.0,ikman.lk
toyota,aqua,2014,Alloy Wheel (Single),35000.0,ikman.lk & daraz.lk
toyota,aqua,2014,Brake Pad Set (Front),12000.0,daraz.lk
toyota,aqua,2014,Fender (LH),22000.0,ikman.lk
toyota,aqua,2014,Fender (RH),22000.0,ikman.lk
toyota,aqua,2014,Front Bumper,40000.0,ikman.lk
toyota,aqua,2014,Front Door (LH),71500.0,ikman.lk
toyota,aqua,2014,Front Door (RH),71500.0,ikman.lk
toyota,aqua,2014,Front Grille,25000.0,ikman.lk & daraz.lk
toyota,aqua,2014,Front Windshield,77000.0,ikman.lk
toyota,aqua,2014,Headlight (LH),25000.0,ikman.lk & newpgenterprises.com
toyota,aqua,2014,Headlight (RH),25000.0,ikman.lk & newpgenterprises.com
toyota,aqua,2014,Hood/Bonnet,66000.0,ikman.lk
toyota,aqua,2014,Hybrid Battery,595000.0,batterylab.lk
toyota,aqua,2014,Radiator,45000.0,ikman.lk
toyota,aqua,2014,Rear Door (LH),66000.0,ikman.lk
toyota,aqua,2014,Rear Door (RH),66000.0,ikman.lk
toyota,aqua,2014,Shock Absorber (Front),30000.0,ikman.lk
toyota,aqua,2014,Side Mirror (LH),18000.0,ikman.lk
toyota,aqua,2014,Side Mirror (RH),18000.0,ikman.lk
toyota,aqua,2014,Tail Light (LH),20000.0,ikman.lk
toyota,aqua,2014,Tail Light (RH),20000.0,ikman.lk
toyota,aqua,2016,Alloy Wheel (Single),40200.0,ikman.lk & daraz.lk
toyota,aqua,2016,Brake Pad Set (Front),13800.0,daraz.lk
toyota,aqua,2016,Fender (LH),25300.0,ikman.lk
toyota,aqua,2016,Fender (RH),25300.0,ikman.lk
toyota,aqua,2016,Front Bumper,46000.0,ikman.lk
toyota,aqua,2016,Front Door (LH),82200.0,ikman.lk
toyota,aqua,2016,Front Door (RH),82200.0,ikman.lk
toyota,aqua,2016,Front Grille,28700.0,ikman.lk & daraz.lk
toyota,aqua,2016,Front Windshield,88600.0,ikman.lk
toyota,aqua,2016,Headlight (LH),28700.0,ikman.lk & newpgenterprises.com
toyota,aqua,2016,Headlight (RH),28700.0,ikman.lk & newpgenterprises.com
toyota,aqua,2016,Hood/Bonnet,75900.0,ikman.lk
toyota,aqua,2016,Hybrid Battery,684200.0,batterylab.lk
toyota,aqua,2016,Radiator,51700.0,ikman.lk
toyota,aqua,2016,Rear Door (LH),75900.0,ikman.lk
toyota,aqua,2016,Rear Door (RH),75900.0,ikman.lk
toyota,aqua,2016,Shock Absorber (Front),34500.0,ikman.lk
toyota,aqua,2016,Side Mirror (LH),20700.0,ikman.lk
toyota,aqua,2016,Side Mirror (RH),20700.0,ikman.lk
toyota,aqua,2016,Tail Light (LH),23000.0,ikman.lk
toyota,aqua,2016,Tail Light (RH),23000.0,ikman.lk
toyota,c-hr,2017,Alloy Wheel (Single),65200.0,ikman.lk & daraz.lk
toyota,c-hr,2017,Brake Pad Set (Front),22400.0,daraz.lk
toyota,c-hr,2017,Fender (LH),41000.0,ikman.lk
toyota,c-hr,2017,Fender (RH),41000.0,ikman.lk
toyota,c-hr,2017,Front Bumper,74500.0,ikman.lk
toyota,c-hr,2017,Front Door (LH),133200.0,ikman.lk
toyota,c-hr,2017,Front Door (RH),133200.0,ikman.lk
toyota,c-hr,2017,Front Grille,46600.0,ikman.lk & daraz.lk
toyota,c-hr,2017,Front Windshield,143500.0,ikman.lk
toyota,c-hr,2017,Headlight (LH),46600.0,ikman.lk & newpgenterprises.com
toyota,c-hr,2017,Headlight (RH),46600.0,ikman.lk & newpgenterprises.com
toyota,c-hr,2017,Hood/Bonnet,123000.0,ikman.lk
toyota,c-hr,2017,Hybrid Battery,1108500.0,batterylab.lk
toyota,c-hr,2017,Radiator,83800.0,ikman.lk
toyota,c-hr,2017,Rear Door (LH),123000.0,ikman.lk
toyota,c-hr,2017,Rear Door (RH),123000.0,ikman.lk
toyota,c-hr,2017,Shock Absorber (Front),55900.0,ikman.lk
toyota,c-hr,2017,Side Mirror (LH),33500.0,ikman.lk
toyota,c-hr,2017,Side Mirror (RH),33500.0,ikman.lk
toyota,c-hr,2017,Tail Light (LH),37300.0,ikman.lk
toyota,c-hr,2017,Tail Light (RH),37300.0,ikman.lk
toyota,c-hr,2018,Alloy Wheel (Single),65200.0,ikman.lk & daraz.lk
toyota,c-hr,2018,Brake Pad Set (Front),22400.0,daraz.lk
toyota,c-hr,2018,Fender (LH),41000.0,ikman.lk
toyota,c-hr,2018,Fender (RH),41000.0,ikman.lk
toyota,c-hr,2018,Front Bumper,74500.0,ikman.lk
toyota,c-hr,2018,Front Door (LH),133200.0,ikman.lk
toyota,c-hr,2018,Front Door (RH),133200.0,ikman.lk
toyota,c-hr,2018,Front Grille,46600.0,ikman.lk & daraz.lk
toyota,c-hr,2018,Front Windshield,143500.0,ikman.lk
toyota,c-hr,2018,Headlight (LH),46600.0,ikman.lk & newpgenterprises.com
toyota,c-hr,2018,Headlight (RH),46600.0,ikman.lk & newpgenterprises.com
toyota,c-hr,2018,Hood/Bonnet,123000.0,ikman.lk
toyota,c-hr,2018,Hybrid Battery,1108500.0,batterylab.lk
toyota,c-hr,2018,Radiator,83800.0,ikman.lk
toyota,c-hr,2018,Rear Door (LH),123000.0,ikman.lk
toyota,c-hr,2018,Rear Door (RH),123000.0,ikman.lk
toyota,c-hr,2018,Shock Absorber (Front),55900.0,ikman.lk
toyota,c-hr,2018,Side Mirror (LH),33500.0,ikman.lk
toyota,c-hr,2018,Side Mirror (RH),33500.0,ikman.lk
toyota,c-hr,2018,Tail Light (LH),37300.0,ikman.lk
toyota,c-hr,2018,Tail Light (RH),37300.0,ikman.lk
toyota,c-hr,2019,Alloy Wheel (Single),70900.0,ikman.lk & daraz.lk
toyota,c-hr,2019,Brake Pad Set (Front),24300.0,daraz.lk
toyota,c-hr,2019,Fender (LH),44600.0,ikman.lk
toyota,c-hr,2019,Fender (RH),44600.0,ikman.lk
toyota,c-hr,2019,Front Bumper,81000.0,ikman.lk
toyota,c-hr,2019,Front Door (LH),144800.0,ikman.lk
toyota,c-hr,2019,Front Door (RH),144800.0,ikman.lk
toyota,c-hr,2019,Front Grille,50600.0,ikman.lk & daraz.lk
toyota,c-hr,2019,Front Windshield,155900.0,ikman.lk
toyota,c-hr,2019,Headlight (LH),50600.0,ikman.lk & newpgenterprises.com
toyota,c-hr,2019,Headlight (RH),50600.0,ikman.lk & newpgenterprises.com
toyota,c-hr,2019,Hood/Bonnet,133600.0,ikman.lk
toyota,c-hr,2019,Hybrid Battery,1204900.0,batterylab.lk
toyota,c-hr,2019,Radiator,91100.0,ikman.lk
toyota,c-hr,2019,Rear Door (LH),133600.0,ikman.lk
toyota,c-hr,2019,Rear Door (RH),133600.0,ikman.lk
toyota,c-hr,2019,Shock Absorber (Front),60800.0,ikman.lk
toyota,c-hr,2019,Side Mirror (LH),36500.0,ikman.lk
toyota,c-hr,2019,Side Mirror (RH),36500.0,ikman.lk
toyota,c-hr,2019,Tail Light (LH),40500.0,ikman.lk
toyota,c-hr,2019,Tail Light (RH),40500.0,ikman.lk
toyota,corolla,2012,Alloy Wheel (Single),44300.0,ikman.lk & daraz.lk
toyota,corolla,2012,Brake Pad Set (Front),15200.0,daraz.lk
toyota,corolla,2012,Fender (LH),27800.0,ikman.lk
toyota,corolla,2012,Fender (RH),27800.0,ikman.lk
toyota,corolla,2012,Front Bumper,50600.0,ikman.lk
toyota,corolla,2012,Front Door (LH),90400.0,ikman.lk
toyota,corolla,2012,Front Door (RH),90400.0,ikman.lk
toyota,corolla,2012,Front Grille,31600.0,ikman.lk & daraz.lk
toyota,corolla,2012,Front Windshield,97400.0,ikman.lk
toyota,corolla,2012,Headlight (LH),31600.0,ikman.lk & newpgenterprises.com
toyota,corolla,2012,Headlight (RH),31600.0,ikman.lk & newpgenterprises.com
toyota,corolla,2012,Hood/Bonnet,83500.0,ikman.lk
toyota,corolla,2012,Hybrid Battery,,batterylab.lk
toyota,corolla,2012,Radiator,56900.0,ikman.lk
toyota,corolla,2012,Rear Door (LH),83500.0,ikman.lk
toyota,corolla,2012,Rear Door (RH),83500.0,ikman.lk
toyota,corolla,2012,Shock Absorber (Front),38000.0,ikman.lk
toyota,corolla,2012,Side Mirror (LH),22800.0,ikman.lk
toyota,corolla,2012,Side Mirror (RH),22800.0,ikman.lk
toyota,corolla,2012,Tail Light (LH),25300.0,ikman.lk
toyota,corolla,2012,Tail Light (RH),25300.0,ikman.lk
toyota,corolla,2018,Alloy Wheel (Single),50900.0,ikman.lk & daraz.lk
toyota,corolla,2018,Brake Pad Set (Front),17500.0,daraz.lk
toyota,corolla,2018,Fender (LH),32000.0,ikman.lk
toyota,corolla,2018,Fender (RH),32000.0,ikman.lk
toyota,corolla,2018,Front Bumper,58200.0,ikman.lk
toyota,corolla,2018,Front Door (LH),104000.0,ikman.lk
toyota,corolla,2018,Front Door (RH),104000.0,ikman.lk
toyota,corolla,2018,Front Grille,36400.0,ikman.lk & daraz.lk
toyota,corolla,2018,Front Windshield,112000.0,ikman.lk
toyota,corolla,2018,Headlight (LH),36400.0,ikman.lk & newpgenterprises.com
toyota,corolla,2018,Headlight (RH),36400.0,ikman.lk & newpgenterprises.com
toyota,corolla,2018,Hood/Bonnet,96000.0,ikman.lk
toyota,corolla,2018,Hybrid Battery,,batterylab.lk
toyota,corolla,2018,Radiator,65500.0,ikman.lk
toyota,corolla,2018,Rear Door (LH),96000.0,ikman.lk
toyota,corolla,2018,Rear Door (RH),96000.0,ikman.lk
toyota,corolla,2018,Shock Absorber (Front),43600.0,ikman.lk
toyota,corolla,2018,Side Mirror (LH),26200.0,ikman.lk
toyota,corolla,2018,Side Mirror (RH),26200.0,ikman.lk
toyota,corolla,2018,Tail Light (LH),29100.0,ikman.lk
toyota,corolla,2018,Tail Light (RH),29100.0,ikman.lk
toyota,corolla,2022,Alloy Wheel (Single),59800.0,ikman.lk & daraz.lk
toyota,corolla,2022,Brake Pad Set (Front),20500.0,daraz.lk
toyota,corolla,2022,Fender (LH),37600.0,ikman.lk
toyota,corolla,2022,Fender (RH),37600.0,ikman.lk
toyota,corolla,2022,Front Bumper,68300.0,ikman.lk
toyota,corolla,2022,Front Door (LH),122100.0,ikman.lk
toyota,corolla,2022,Front Door (RH),122100.0,ikman.lk
toyota,corolla,2022,Front Grille,42700.0,ikman.lk & daraz.lk
toyota,corolla,2022,Front Windshield,131500.0,ikman.lk
toyota,corolla,2022,Headlight (LH),42700.0,ikman.lk & newpgenterprises.com
toyota,corolla,2022,Headlight (RH),42700.0,ikman.lk & newpgenterprises.com
toyota,corolla,2022,Hood/Bonnet,112700.0,ikman.lk
toyota,corolla,2022,Hybrid Battery,,batterylab.lk
toyota,corolla,2022,Radiator,76800.0,ikman.lk
toyota,corolla,2022,Rear Door (LH),112700.0,ikman.lk
toyota,corolla,2022,Rear Door (RH),112700.0,ikman.lk
toyota,corolla,2022,Shock Absorber (Front),51200.0,ikman.lk
toyota,corolla,2022,Side Mirror (LH),30700.0,ikman.lk
toyota,corolla,2022,Side Mirror (RH),30700.0,ikman.lk
toyota,corolla,2022,Tail Light (LH),34200.0,ikman.lk
toyota,corolla,2022,Tail Light (RH),34200.0,ikman.lk
toyota,corolla axio,2012,Alloy Wheel (Single),42400.0,ikman.lk & daraz.lk
toyota,corolla axio,2012,Brake Pad Set (Front),14500.0,daraz.lk
toyota,corolla axio,2012,Fender (LH),26600.0,ikman.lk
toyota,corolla axio,2012,Fender (RH),26600.0,ikman.lk
toyota,corolla axio,2012,Front Bumper,48400.0,ikman.lk
toyota,corolla axio,2012,Front Door (LH),86500.0,ikman.lk
toyota,corolla axio,2012,Front Door (RH),86500.0,ikman.lk
toyota,corolla axio,2012,Front Grille,30300.0,ikman.lk & daraz.lk
toyota,corolla axio,2012,Front Windshield,93200.0,ikman.lk
toyota,corolla axio,2012,Headlight (LH),30300.0,ikman.lk & newpgenterprises.com
toyota,corolla axio,2012,Headlight (RH),30300.0,ikman.lk & newpgenterprises.com
toyota,corolla axio,2012,Hood/Bonnet,79900.0,ikman.lk
toyota,corolla axio,2012,Hybrid Battery,720000.0,batterylab.lk
toyota,corolla axio,2012,Radiator,54500.0,ikman.lk
toyota,corolla axio,2012,Rear Door (LH),79900.0,ikman.lk
toyota,corolla axio,2012,Rear Door (RH),79900.0,ikman.lk
toyota,corolla axio,2012,Shock Absorber (Front),36300.0,ikman.lk
toyota,corolla axio,2012,Side Mirror (LH),21800.0,ikman.lk
toyota,corolla axio,2012,Side Mirror (RH),21800.0,ikman.lk
toyota,corolla axio,2012,Tail Light (LH),24200.0,ikman.lk
toyota,corolla axio,2012,Tail Light (RH),24200.0,ikman.lk
toyota,corolla axio,2015,Alloy Wheel (Single),48700.0,ikman.lk & daraz.lk
toyota,corolla axio,2015,Brake Pad Set (Front),16700.0,daraz.lk
toyota,corolla axio,2015,Fender (LH),30600.0,ikman.lk
toyota,corolla axio,2015,Fender (RH),30600.0,ikman.lk
toyota,corolla axio,2015,Front Bumper,55700.0,ikman.lk
toyota,corolla axio,2015,Front Door (LH),99500.0,ikman.lk
toyota,corolla axio,2015,Front Door (RH),99500.0,ikman.lk
toyota,corolla axio,2015,Front Grille,34800.0,ikman.lk & daraz.lk
toyota,corolla axio,2015,Front Windshield,107100.0,ikman.lk
toyota,corolla axio,2015,Headlight (LH),34800.0,ikman.lk & newpgenterprises.com
toyota,corolla axio,2015,Headlight (RH),34800.0,ikman.lk & newpgenterprises.com
toyota,corolla axio,2015,Hood/Bonnet,91800.0,ikman.lk
toyota,corolla axio,2015,Hybrid Battery,827900.0,batterylab.lk
toyota,corolla axio,2015,Radiator,62600.0,ikman.lk
toyota,corolla axio,2015,Rear Door (LH),91800.0,ikman.lk
toyota,corolla axio,2015,Rear Door (RH),91800.0,ikman.lk
toyota,corolla axio,2015,Shock Absorber (Front),41700.0,ikman.lk
toyota,corolla axio,2015,Side Mirror (LH),25000.0,ikman.lk
toyota,corolla axio,2015,Side Mirror (RH),25000.0,ikman.lk
toyota,corolla axio,2015,Tail Light (LH),27800.0,ikman.lk
toyota,corolla axio,2015,Tail Light (RH),27800.0,ikman.lk
toyota,corolla axio,2017,Alloy Wheel (Single),48700.0,ikman.lk & daraz.lk
toyota,corolla axio,2017,Brake Pad Set (Front),16700.0,daraz.lk
toyota,corolla axio,2017,Fender (LH),30600.0,ikman.lk
toyota,corolla axio,2017,Fender (RH),30600.0,ikman.lk
toyota,corolla axio,2017,Front Bumper,55700.0,ikman.lk
toyota,corolla axio,2017,Front Door (LH),99500.0,ikman.lk
toyota,corolla axio,2017,Front Door (RH),99500.0,ikman.lk
toyota,corolla axio,2017,Front Grille,34800.0,ikman.lk & daraz.lk
toyota,corolla axio,2017,Front Windshield,107100.0,ikman.lk
toyota,corolla axio,2017,Headlight (LH),34800.0,ikman.lk & newpgenterprises.com
toyota,corolla axio,2017,Headlight (RH),34800.0,ikman.lk & newpgenterprises.com
toyota,corolla axio,2017,Hood/Bonnet,91800.0,ikman.lk
toyota,corolla axio,2017,Hybrid Battery,827900.0,batterylab.lk
toyota,corolla axio,2017,Radiator,62600.0,ikman.lk
toyota,corolla axio,2017,Rear Door (LH),91800.0,ikman.lk
toyota,corolla axio,2017,Rear Door (RH),91800.0,ikman.lk
toyota,corolla axio,2017,Shock Absorber (Front),41700.0,ikman.lk
toyota,corolla axio,2017,Side Mirror (LH),25000.0,ikman.lk
toyota,corolla axio,2017,Side Mirror (RH),25000.0,ikman.lk
toyota,corolla axio,2017,Tail Light (LH),27800.0,ikman.lk
toyota,corolla axio,2017,Tail Light (RH),27800.0,ikman.lk
toyota,corolla cross,2020,Alloy Wheel (Single),70900.0,ikman.lk & daraz.lk
toyota,corolla cross,2020,Brake Pad Set (Front),24300.0,daraz.lk
toyota,corolla cross,2020,Fender (LH),44600.0,ikman.lk
toyota,corolla cross,2020,Fender (RH),44600.0,ikman.lk
toyota,corolla cross,2020,Front Bumper,81000.0,ikman.lk
toyota,corolla cross,2020,Front Door (LH),144800.0,ikman.lk
toyota,corolla cross,2020,Front Door (RH),144800.0,ikman.lk
toyota,corolla cross,2020,Front Grille,50600.0,ikman.lk & daraz.lk
toyota,corolla cross,2020,Front Windshield,155900.0,ikman.lk
toyota,corolla cross,2020,Headlight (LH),50600.0,ikman.lk & newpgenterprises.com
toyota,corolla cross,2020,Headlight (RH),50600.0,ikman.lk & newpgenterprises.com
toyota,corolla cross,2020,Hood/Bonnet,133600.0,ikman.lk
toyota,corolla cross,2020,Hybrid Battery,1204900.0,batterylab.lk
toyota,corolla cross,2020,Radiator,91100.0,ikman.lk
toyota,corolla cross,2020,Rear Door (LH),133600.0,ikman.lk
toyota,corolla cross,2020,Rear Door (RH),133600.0,ikman.lk
toyota,corolla cross,2020,Shock Absorber (Front),60800.0,ikman.lk
toyota,corolla cross,2020,Side Mirror (LH),36500.0,ikman.lk
toyota,corolla cross,2020,Side Mirror (RH),36500.0,ikman.lk
toyota,corolla cross,2020,Tail Light (LH),40500.0,ikman.lk
toyota,corolla cross,2020,Tail Light (RH),40500.0,ikman.lk
toyota,corolla cross,2021,Alloy Wheel (Single),76500.0,ikman.lk & daraz.lk
toyota,corolla cross,2021,Brake Pad Set (Front),26200.0,daraz.lk
toyota,corolla cross,2021,Fender (LH),48100.0,ikman.lk
toyota,corolla cross,2021,Fender (RH),48100.0,ikman.lk
toyota,corolla cross,2021,Front Bumper,87500.0,ikman.lk
toyota,corolla cross,2021,Front Door (LH),156400.0,ikman.lk
toyota,corolla cross,2021,Front Door (RH),156400.0,ikman.lk
toyota,corolla cross,2021,Front Grille,54700.0,ikman.lk & daraz.lk
toyota,corolla cross,2021,Front Windshield,168400.0,ikman.lk
toyota,corolla cross,2021,Headlight (LH),54700.0,ikman.lk & newpgenterprises.com
toyota,corolla cross,2021,Headlight (RH),54700.0,ikman.lk & newpgenterprises.com
toyota,corolla cross,2021,Hood/Bonnet,144300.0,ikman.lk
toyota,corolla cross,2021,Hybrid Battery,1301300.0,batterylab.lk
toyota,corolla cross,2021,Radiator,98400.0,ikman.lk
toyota,corolla cross,2021,Rear Door (LH),144300.0,ikman.lk
toyota,corolla cross,2021,Rear Door (RH),144300.0,ikman.lk
toyota,corolla cross,2021,Shock Absorber (Front),65600.0,ikman.lk
toyota,corolla cross,2021,Side Mirror (LH),39400.0,ikman.lk
toyota,corolla cross,2021,Side Mirror (RH),39400.0,ikman.lk
toyota,corolla cross,2021,Tail Light (LH),43700.0,ikman.lk
toyota,corolla cross,2021,Tail Light (RH),43700.0,ikman.lk
toyota,corolla cross,2022,Alloy Wheel (Single),76500.0,ikman.lk & daraz.lk
toyota,corolla cross,2022,Brake Pad Set (Front),26200.0,daraz.lk
toyota,corolla cross,2022,Fender (LH),48100.0,ikman.lk
toyota,corolla cross,2022,Fender (RH),48100.0,ikman.lk
toyota,corolla cross,2022,Front Bumper,87500.0,ikman.lk
toyota,corolla cross,2022,Front Door (LH),156400.0,ikman.lk
toyota,corolla cross,2022,Front Door (RH),156400.0,ikman.lk
toyota,corolla cross,2022,Front Grille,54700.0,ikman.lk & daraz.lk
toyota,corolla cross,2022,Front Windshield,168400.0,ikman.lk
toyota,corolla cross,2022,Headlight (LH),54700.0,ikman.lk & newpgenterprises.com
toyota,corolla cross,2022,Headlight (RH),54700.0,ikman.lk & newpgenterprises.com
toyota,corolla cross,2022,Hood/Bonnet,144300.0,ikman.lk
toyota,corolla cross,2022,Hybrid Battery,1301300.0,batterylab.lk
toyota,corolla cross,2022,Radiator,98400.0,ikman.lk
toyota,corolla cross,2022,Rear Door (LH),144300.0,ikman.lk
toyota,corolla cross,2022,Rear Door (RH),144300.0,ikman.lk
toyota,corolla cross,2022,Shock Absorber (Front),65600.0,ikman.lk
toyota,corolla cross,2022,Side Mirror (LH),39400.0,ikman.lk
toyota,corolla cross,2022,Side Mirror (RH),39400.0,ikman.lk
toyota,corolla cross,2022,Tail Light (LH),43700.0,ikman.lk
toyota,corolla cross,2022,Tail Light (RH),43700.0,ikman.lk
toyota,hilux,2015,Alloy Wheel (Single),78500.0,ikman.lk & daraz.lk
toyota,hilux,2015,Brake Pad Set (Front),26900.0,daraz.lk
toyota,hilux,2015,Fender (LH),49300.0,ikman.lk
toyota,hilux,2015,Fender (RH),49300.0,ikman.lk
toyota,hilux,2015,Front Bumper,89700.0,ikman.lk
toyota,hilux,2015,Front Door (LH),160300.0,ikman.lk
toyota,hilux,2015,Front Door (RH),160300.0,ikman.lk
toyota,hilux,2015,Front Grille,56100.0,ikman.lk & daraz.lk
toyota,hilux,2015,Front Windshield,172700.0,ikman.lk
toyota,hilux,2015,Headlight (LH),56100.0,ikman.lk & newpgenterprises.com
toyota,hilux,2015,Headlight (RH),56100.0,ikman.lk & newpgenterprises.com
toyota,hilux,2015,Hood/Bonnet,148000.0,ikman.lk
toyota,hilux,2015,Hybrid Battery,,batterylab.lk
toyota,hilux,2015,Radiator,100900.0,ikman.lk
toyota,hilux,2015,Rear Door (LH),148000.0,ikman.lk
toyota,hilux,2015,Rear Door (RH),148000.0,ikman.lk
toyota,hilux,2015,Shock Absorber (Front),67300.0,ikman.lk
toyota,hilux,2015,Side Mirror (LH),40400.0,ikman.lk
toyota,hilux,2015,Side Mirror (RH),40400.0,ikman.lk
toyota,hilux,2015,Tail Light (LH),44800.0,ikman.lk
toyota,hilux,2015,Tail Light (RH),44800.0,ikman.lk
toyota,hilux,2018,Alloy Wheel (Single),78500.0,ikman.lk & daraz.lk
toyota,hilux,2018,Brake Pad Set (Front),26900.0,daraz.lk
toyota,hilux,2018,Fender (LH),49300.0,ikman.lk
toyota,hilux,2018,Fender (RH),49300.0,ikman.lk
toyota,hilux,2018,Front Bumper,89700.0,ikman.lk
toyota,hilux,2018,Front Door (LH),160300.0,ikman.lk
toyota,hilux,2018,Front Door (RH),160300.0,ikman.lk
toyota,hilux,2018,Front Grille,56100.0,ikman.lk & daraz.lk
toyota,hilux,2018,Front Windshield,172700.0,ikman.lk
toyota,hilux,2018,Headlight (LH),56100.0,ikman.lk & newpgenterprises.com
toyota,hilux,2018,Headlight (RH),56100.0,ikman.lk & newpgenterprises.com
toyota,hilux,2018,Hood/Bonnet,148000.0,ikman.lk
toyota,hilux,2018,Hybrid Battery,,batterylab.lk
toyota,hilux,2018,Radiator,100900.0,ikman.lk
toyota,hilux,2018,Rear Door (LH),148000.0,ikman.lk
toyota,hilux,2018,Rear Door (RH),148000.0,ikman.lk
toyota,hilux,2018,Shock Absorber (Front),67300.0,ikman.lk
toyota,hilux,2018,Side Mirror (LH),40400.0,ikman.lk
toyota,hilux,2018,Side Mirror (RH),40400.0,ikman.lk
toyota,hilux,2018,Tail Light (LH),44800.0,ikman.lk
toyota,hilux,2018,Tail Light (RH),44800.0,ikman.lk
toyota,hilux,2022,Alloy Wheel (Single),92100.0,ikman.lk & daraz.lk
toyota,hilux,2022,Brake Pad Set (Front),31600.0,daraz.lk
toyota,hilux,2022,Fender (LH),57900.0,ikman.lk
toyota,hilux,2022,Fender (RH),57900.0,ikman.lk
toyota,hilux,2022,Front Bumper,105300.0,ikman.lk
toyota,hilux,2022,Front Door (LH),188200.0,ikman.lk
toyota,hilux,2022,Front Door (RH),188200.0,ikman.lk
toyota,hilux,2022,Front Grille,65800.0,ikman.lk & daraz.lk
toyota,hilux,2022,Front Windshield,202700.0,ikman.lk
toyota,hilux,2022,Headlight (LH),65800.0,ikman.lk & newpgenterprises.com
toyota,hilux,2022,Headlight (RH),65800.0,ikman.lk & newpgenterprises.com
toyota,hilux,2022,Hood/Bonnet,173700.0,ikman.lk
toyota,hilux,2022,Hybrid Battery,,batterylab.lk
toyota,hilux,2022,Radiator,118500.0,ikman.lk
toyota,hilux,2022,Rear Door (LH),173700.0,ikman.lk
toyota,hilux,2022,Rear Door (RH),173700.0,ikman.lk
toyota,hilux,2022,Shock Absorber (Front),79000.0,ikman.lk
toyota,hilux,2022,Side Mirror (LH),47400.0,ikman.lk
toyota,hilux,2022,Side Mirror (RH),47400.0,ikman.lk
toyota,hilux,2022,Tail Light (LH),52600.0,ikman.lk
toyota,hilux,2022,Tail Light (RH),52600.0,ikman.lk
toyota,land cruiser prado,2009,Alloy Wheel (Single),88200.0,ikman.lk & daraz.lk
toyota,land cruiser prado,2009,Brake Pad Set (Front),30200.0,daraz.lk
toyota,land cruiser prado,2009,Fender (LH),55400.0,ikman.lk
toyota,land cruiser prado,2009,Fender (RH),55400.0,ikman.lk
toyota,land cruiser prado,2009,Front Bumper,100800.0,ikman.lk
toyota,land cruiser prado,2009,Front Door (LH),180200.0,ikman.lk
toyota,land cruiser prado,2009,Front Door (RH),180200.0,ikman.lk
toyota,land cruiser prado,2009,Front Grille,63000.0,ikman.lk & daraz.lk
toyota,land cruiser prado,2009,Front Windshield,194000.0,ikman.lk
toyota,land cruiser prado,2009,Headlight (LH),63000.0,ikman.lk & newpgenterprises.com
toyota,land cruiser prado,2009,Headlight (RH),63000.0,ikman.lk & newpgenterprises.com
toyota,land cruiser prado,2009,Hood/Bonnet,166300.0,ikman.lk
toyota,land cruiser prado,2009,Hybrid Battery,,batterylab.lk
toyota,land cruiser prado,2009,Radiator,113400.0,ikman.lk
toyota,land cruiser prado,2009,Rear Door (LH),166300.0,ikman.lk
toyota,land cruiser prado,2009,Rear Door (RH),166300.0,ikman.lk
toyota,land cruiser prado,2009,Shock Absorber (Front),75600.0,ikman.lk
toyota,land cruiser prado,2009,Side Mirror (LH),45400.0,ikman.lk
toyota,land cruiser prado,2009,Side Mirror (RH),45400.0,ikman.lk
toyota,land cruiser prado,2009,Tail Light (LH),50400.0,ikman.lk
toyota,land cruiser prado,2009,Tail Light (RH),50400.0,ikman.lk
toyota,land cruiser prado,2013,Alloy Wheel (Single),98000.0,ikman.lk & daraz.lk
toyota,land cruiser prado,2013,Brake Pad Set (Front),33600.0,daraz.lk
toyota,land cruiser prado,2013,Fender (LH),61600.0,ikman.lk
toyota,land cruiser prado,2013,Fender (RH),61600.0,ikman.lk
toyota,land cruiser prado,2013,Front Bumper,112000.0,ikman.lk
toyota,land cruiser prado,2013,Front Door (LH),200200.0,ikman.lk
toyota,land cruiser prado,2013,Front Door (RH),200200.0,ikman.lk
toyota,land cruiser prado,2013,Front Grille,70000.0,ikman.lk & daraz.lk
toyota,land cruiser prado,2013,Front Windshield,215600.0,ikman.lk
toyota,land cruiser prado,2013,Headlight (LH),70000.0,ikman.lk & newpgenterprises.com
toyota,land cruiser prado,2013,Headlight (RH),70000.0,ikman.lk & newpgenterprises.com
toyota,land cruiser prado,2013,Hood/Bonnet,184800.0,ikman.lk
toyota,land cruiser prado,2013,Hybrid Battery,,batterylab.lk
toyota,land cruiser prado,2013,Radiator,126000.0,ikman.lk
toyota,land cruiser prado,2013,Rear Door (LH),184800.0,ikman.lk
toyota,land cruiser prado,2013,Rear Door (RH),184800.0,ikman.lk
toyota,land cruiser prado,2013,Shock Absorber (Front),84000.0,ikman.lk
toyota,land cruiser prado,2013,Side Mirror (LH),50400.0,ikman.lk
toyota,land cruiser prado,2013,Side Mirror (RH),50400.0,ikman.lk
toyota,land cruiser prado,2013,Tail Light (LH),56000.0,ikman.lk
toyota,land cruiser prado,2013,Tail Light (RH),56000.0,ikman.lk
toyota,land cruiser prado,2017,Alloy Wheel (Single),112700.0,ikman.lk & daraz.lk
toyota,land cruiser prado,2017,Brake Pad Set (Front),38600.0,daraz.lk
toyota,land cruiser prado,2017,Fender (LH),70800.0,ikman.lk
toyota,land cruiser prado,2017,Fender (RH),70800.0,ikman.lk
toyota,land cruiser prado,2017,Front Bumper,128800.0,ikman.lk
toyota,land cruiser prado,2017,Front Door (LH),230200.0,ikman.lk
toyota,land cruiser prado,2017,Front Door (RH),230200.0,ikman.lk
toyota,land cruiser prado,2017,Front Grille,80500.0,ikman.lk & daraz.lk
toyota,land cruiser prado,2017,Front Windshield,247900.0,ikman.lk
toyota,land cruiser prado,2017,Headlight (LH),80500.0,ikman.lk & newpgenterprises.com
toyota,land cruiser prado,2017,Headlight (RH),80500.0,ikman.lk & newpgenterprises.com
toyota,land cruiser prado,2017,Hood/Bonnet,212500.0,ikman.lk
toyota,land cruiser prado,2017,Hybrid Battery,,batterylab.lk
toyota,land cruiser prado,2017,Radiator,144900.0,ikman.lk
toyota,land cruiser prado,2017,Rear Door (LH),212500.0,ikman.lk
toyota,land cruiser prado,2017,Rear Door (RH),212500.0,ikman.lk
toyota,land cruiser prado,2017,Shock Absorber (Front),96600.0,ikman.lk
toyota,land cruiser prado,2017,Side Mirror (LH),58000.0,ikman.lk
toyota,land cruiser prado,2017,Side Mirror (RH),58000.0,ikman.lk
toyota,land cruiser prado,2017,Tail Light (LH),64400.0,ikman.lk
toyota,land cruiser prado,2017,Tail Light (RH),64400.0,ikman.lk
toyota,premio,2008,Alloy Wheel (Single),45000.0,ikman.lk & daraz.lk
toyota,premio,2008,Brake Pad Set (Front),15400.0,daraz.lk
toyota,premio,2008,Fender (LH),28300.0,ikman.lk
toyota,premio,2008,Fender (RH),28300.0,ikman.lk
toyota,premio,2008,Front Bumper,51500.0,ikman.lk
toyota,premio,2008,Front Door (LH),92000.0,ikman.lk
toyota,premio,2008,Front Door (RH),92000.0,ikman.lk
toyota,premio,2008,Front Grille,32200.0,ikman.lk & daraz.lk
toyota,premio,2008,Front Windshield,99100.0,ikman.lk
toyota,premio,2008,Headlight (LH),32200.0,ikman.lk & newpgenterprises.com
toyota,premio,2008,Headlight (RH),32200.0,ikman.lk & newpgenterprises.com
toyota,premio,2008,Hood/Bonnet,84900.0,ikman.lk
toyota,premio,2008,Hybrid Battery,,batterylab.lk
toyota,premio,2008,Radiator,57900.0,ikman.lk
toyota,premio,2008,Rear Door (LH),84900.0,ikman.lk
toyota,premio,2008,Rear Door (RH),84900.0,ikman.lk
toyota,premio,2008,Shock Absorber (Front),38600.0,ikman.lk
toyota,premio,2008,Side Mirror (LH),23200.0,ikman.lk
toyota,premio,2008,Side Mirror (RH),23200.0,ikman.lk
toyota,premio,2008,Tail Light (LH),25700.0,ikman.lk
toyota,premio,2008,Tail Light (RH),25700.0,ikman.lk
toyota,premio,2012,Alloy Wheel (Single),50000.0,ikman.lk & daraz.lk
toyota,premio,2012,Brake Pad Set (Front),17200.0,daraz.lk
toyota,premio,2012,Fender (LH),31500.0,ikman.lk
toyota,premio,2012,Fender (RH),31500.0,ikman.lk
toyota,premio,2012,Front Bumper,57200.0,ikman.lk
toyota,premio,2012,Front Door (LH),102200.0,ikman.lk
toyota,premio,2012,Front Door (RH),102200.0,ikman.lk
toyota,premio,2012,Front Grille,35800.0,ikman.lk & daraz.lk
toyota,premio,2012,Front Windshield,110100.0,ikman.lk
toyota,premio,2012,Headlight (LH),35800.0,ikman.lk & newpgenterprises.com
toyota,premio,2012,Headlight (RH),35800.0,ikman.lk & newpgenterprises.com
toyota,premio,2012,Hood/Bonnet,94400.0,ikman.lk
toyota,premio,2012,Hybrid Battery,,batterylab.lk
toyota,premio,2012,Radiator,64400.0,ikman.lk
toyota,premio,2012,Rear Door (LH),94400.0,ikman.lk
toyota,premio,2012,Rear Door (RH),94400.0,ikman.lk
toyota,premio,2012,Shock Absorber (Front),42900.0,ikman.lk
toyota,premio,2012,Side Mirror (LH),25700.0,ikman.lk
toyota,premio,2012,Side Mirror (RH),25700.0,ikman.lk
toyota,premio,2012,Tail Light (LH),28600.0,ikman.lk
toyota,premio,2012,Tail Light (RH),28600.0,ikman.lk
toyota,premio,2014,Alloy Wheel (Single),50000.0,ikman.lk & daraz.lk
toyota,premio,2014,Brake Pad Set (Front),17200.0,daraz.lk
toyota,premio,2014,Fender (LH),31500.0,ikman.lk
toyota,premio,2014,Fender (RH),31500.0,ikman.lk
toyota,premio,2014,Front Bumper,57200.0,ikman.lk
toyota,premio,2014,Front Door (LH),102200.0,ikman.lk
toyota,premio,2014,Front Door (RH),102200.0,ikman.lk
toyota,premio,2014,Front Grille,35800.0,ikman.lk & daraz.lk
toyota,premio,2014,Front Windshield,110100.0,ikman.lk
toyota,premio,2014,Headlight (LH),35800.0,ikman.lk & newpgenterprises.com
toyota,premio,2014,Headlight (RH),35800.0,ikman.lk & newpgenterprises.com
toyota,premio,2014,Hood/Bonnet,94400.0,ikman.lk
toyota,premio,2014,Hybrid Battery,,batterylab.lk
toyota,premio,2014,Radiator,64400.0,ikman.lk
toyota,premio,2014,Rear Door (LH),94400.0,ikman.lk
toyota,premio,2014,Rear Door (RH),94400.0,ikman.lk
toyota,premio,2014,Shock Absorber (Front),42900.0,ikman.lk
toyota,premio,2014,Side Mirror (LH),25700.0,ikman.lk
toyota,premio,2014,Side Mirror (RH),25700.0,ikman.lk
toyota,premio,2014,Tail Light (LH),28600.0,ikman.lk
toyota,premio,2014,Tail Light (RH),28600.0,ikman.lk
toyota,prius,2012,Alloy Wheel (Single),43800.0,ikman.lk & daraz.lk
toyota,prius,2012,Brake Pad Set (Front),15000.0,daraz.lk
toyota,prius,2012,Fender (LH),27500.0,ikman.lk
toyota,prius,2012,Fender (RH),27500.0,ikman.lk
toyota,prius,2012,Front Bumper,50000.0,ikman.lk
toyota,prius,2012,Front Door (LH),89400.0,ikman.lk
toyota,prius,2012,Front Door (RH),89400.0,ikman.lk
toyota,prius,2012,Front Grille,31200.0,ikman.lk & daraz.lk
toyota,prius,2012,Front Windshield,96300.0,ikman.lk
toyota,prius,2012,Headlight (LH),31200.0,ikman.lk & newpgenterprises.com
toyota,prius,2012,Headlight (RH),31200.0,ikman.lk & newpgenterprises.com
toyota,prius,2012,Hood/Bonnet,82500.0,ikman.lk
toyota,prius,2012,Hybrid Battery,743800.0,batterylab.lk
toyota,prius,2012,Radiator,56200.0,ikman.lk
toyota,prius,2012,Rear Door (LH),82500.0,ikman.lk
toyota,prius,2012,Rear Door (RH),82500.0,ikman.lk
toyota,prius,2012,Shock Absorber (Front),37500.0,ikman.lk
toyota,prius,2012,Side Mirror (LH),22500.0,ikman.lk
toyota,prius,2012,Side Mirror (RH),22500.0,ikman.lk
toyota,prius,2012,Tail Light (LH),25000.0,ikman.lk
toyota,prius,2012,Tail Light (RH),25000.0,ikman.lk
toyota,prius,2014,Alloy Wheel (Single),43800.0,ikman.lk & daraz.lk
toyota,prius,2014,Brake Pad Set (Front),15000.0,daraz.lk
toyota,prius,2014,Fender (LH),27500.0,ikman.lk
toyota,prius,2014,Fender (RH),27500.0,ikman.lk
toyota,prius,2014,Front Bumper,50000.0,ikman.lk
toyota,prius,2014,Front Door (LH),89400.0,ikman.lk
toyota,prius,2014,Front Door (RH),89400.0,ikman.lk
toyota,prius,2014,Front Grille,31200.0,ikman.lk & daraz.lk
toyota,prius,2014,Front Windshield,96300.0,ikman.lk
toyota,prius,2014,Headlight (LH),31200.0,ikman.lk & newpgenterprises.com
toyota,prius,2014,Headlight (RH),31200.0,ikman.lk & newpgenterprises.com
toyota,prius,2014,Hood/Bonnet,82500.0,ikman.lk
toyota,prius,2014,Hybrid Battery,743800.0,batterylab.lk
toyota,prius,2014,Radiator,56200.0,ikman.lk
toyota,prius,2014,Rear Door (LH),82500.0,ikman.lk
toyota,prius,2014,Rear Door (RH),82500.0,ikman.lk
toyota,prius,2014,Shock Absorber (Front),37500.0,ikman.lk
toyota,prius,2014,Side Mirror (LH),22500.0,ikman.lk
toyota,prius,2014,Side Mirror (RH),22500.0,ikman.lk
toyota,prius,2014,Tail Light (LH),25000.0,ikman.lk
toyota,prius,2014,Tail Light (RH),25000.0,ikman.lk
toyota,prius,2016,Alloy Wheel (Single),50300.0,ikman.lk & daraz.lk
toyota,prius,2016,Brake Pad Set (Front),17200.0,daraz.lk
toyota,prius,2016,Fender (LH),31600.0,ikman.lk
toyota,prius,2016,Fender (RH),31600.0,ikman.lk
toyota,prius,2016,Front Bumper,57500.0,ikman.lk
toyota,prius,2016,Front Door (LH),102800.0,ikman.lk
toyota,prius,2016,Front Door (RH),102800.0,ikman.lk
toyota,prius,2016,Front Grille,35900.0,ikman.lk & daraz.lk
toyota,prius,2016,Front Windshield,110700.0,ikman.lk
toyota,prius,2016,Headlight (LH),35900.0,ikman.lk & newpgenterprises.com
toyota,prius,2016,Headlight (RH),35900.0,ikman.lk & newpgenterprises.com
toyota,prius,2016,Hood/Bonnet,94900.0,ikman.lk
toyota,prius,2016,Hybrid Battery,855300.0,batterylab.lk
toyota,prius,2016,Radiator,64700.0,ikman.lk
toyota,prius,2016,Rear Door (LH),94900.0,ikman.lk
toyota,prius,2016,Rear Door (RH),94900.0,ikman.lk
toyota,prius,2016,Shock Absorber (Front),43100.0,ikman.lk
toyota,prius,2016,Side Mirror (LH),25900.0,ikman.lk
toyota,prius,2016,Side Mirror (RH),25900.0,ikman.lk
toyota,prius,2016,Tail Light (LH),28700.0,ikman.lk
toyota,prius,2016,Tail Light (RH),28700.0,ikman.lk
toyota,raize,2020,Alloy Wheel (Single),57800.0,ikman.lk & daraz.lk
toyota,raize,2020,Brake Pad Set (Front),19800.0,daraz.lk
toyota,raize,2020,Fender (LH),36300.0,ikman.lk
toyota,raize,2020,Fender (RH),36300.0,ikman.lk
toyota,raize,2020,Front Bumper,66000.0,ikman.lk
toyota,raize,2020,Front Door (LH),118000.0,ikman.lk
toyota,raize,2020,Front Door (RH),118000.0,ikman.lk
toyota,raize,2020,Front Grille,41200.0,ikman.lk & daraz.lk
toyota,raize,2020,Front Windshield,127100.0,ikman.lk
toyota,raize,2020,Headlight (LH),41200.0,ikman.lk & newpgenterprises.com
toyota,raize,2020,Headlight (RH),41200.0,ikman.lk & newpgenterprises.com
toyota,raize,2020,Hood/Bonnet,108900.0,ikman.lk
toyota,raize,2020,Hybrid Battery,,batterylab.lk
toyota,raize,2020,Radiator,74300.0,ikman.lk
toyota,raize,2020,Rear Door (LH),108900.0,ikman.lk
toyota,raize,2020,Rear Door (RH),108900.0,ikman.lk
toyota,raize,2020,Shock Absorber (Front),49500.0,ikman.lk
toyota,raize,2020,Side Mirror (LH),29700.0,ikman.lk
toyota,raize,2020,Side Mirror (RH),29700.0,ikman.lk
toyota,raize,2020,Tail Light (LH),33000.0,ikman.lk
toyota,raize,2020,Tail Light (RH),33000.0,ikman.lk
toyota,raize,2021,Alloy Wheel (Single),62400.0,ikman.lk & daraz.lk
toyota,raize,2021,Brake Pad Set (Front),21400.0,daraz.lk
toyota,raize,2021,Fender (LH),39200.0,ikman.lk
toyota,raize,2021,Fender (RH),39200.0,ikman.lk
toyota,raize,2021,Front Bumper,71300.0,ikman.lk
toyota,raize,2021,Front Door (LH),127400.0,ikman.lk
toyota,raize,2021,Front Door (RH),127400.0,ikman.lk
toyota,raize,2021,Front Grille,44600.0,ikman.lk & daraz.lk
toyota,raize,2021,Front Windshield,137200.0,ikman.lk
toyota,raize,2021,Headlight (LH),44600.0,ikman.lk & newpgenterprises.com
toyota,raize,2021,Headlight (RH),44600.0,ikman.lk & newpgenterprises.com
toyota,raize,2021,Hood/Bonnet,117600.0,ikman.lk
toyota,raize,2021,Hybrid Battery,,batterylab.lk
toyota,raize,2021,Radiator,80200.0,ikman.lk
toyota,raize,2021,Rear Door (LH),117600.0,ikman.lk
toyota,raize,2021,Rear Door (RH),117600.0,ikman.lk
toyota,raize,2021,Shock Absorber (Front),53500.0,ikman.lk
toyota,raize,2021,Side Mirror (LH),32100.0,ikman.lk
toyota,raize,2021,Side Mirror (RH),32100.0,ikman.lk
toyota,raize,2021,Tail Light (LH),35600.0,ikman.lk
toyota,raize,2021,Tail Light (RH),35600.0,ikman.lk
toyota,raize,2022,Alloy Wheel (Single),62400.0,ikman.lk & daraz.lk
toyota,raize,2022,Brake Pad Set (Front),21400.0,daraz.lk
toyota,raize,2022,Fender (LH),39200.0,ikman.lk
toyota,raize,2022,Fender (RH),39200.0,ikman.lk
toyota,raize,2022,Front Bumper,71300.0,ikman.lk
toyota,raize,2022,Front Door (LH),127400.0,ikman.lk
toyota,raize,2022,Front Door (RH),127400.0,ikman.lk
toyota,raize,2022,Front Grille,44600.0,ikman.lk & daraz.lk
toyota,raize,2022,Front Windshield,137200.0,ikman.lk
toyota,raize,2022,Headlight (LH),44600.0,ikman.lk & newpgenterprises.com
toyota,raize,2022,Headlight (RH),44600.0,ikman.lk & newpgenterprises.com
toyota,raize,2022,Hood/Bonnet,117600.0,ikman.lk
toyota,raize,2022,Hybrid Battery,,batterylab.lk
toyota,raize,2022,Radiator,80200.0,ikman.lk
toyota,raize,2022,Rear Door (LH),117600.0,ikman.lk
toyota,raize,2022,Rear Door (RH),117600.0,ikman.lk
toyota,raize,2022,Shock Absorber (Front),53500.0,ikman.lk
toyota,raize,2022,Side Mirror (LH),32100.0,ikman.lk
toyota,raize,2022,Side Mirror (RH),32100.0,ikman.lk
toyota,raize,2022,Tail Light (LH),35600.0,ikman.lk
toyota,raize,2022,Tail Light (RH),35600.0,ikman.lk
toyota,vitz,2008,Alloy Wheel (Single),29900.0,ikman.lk & daraz.lk
toyota,vitz,2008,Brake Pad Set (Front),10300.0,daraz.lk
toyota,vitz,2008,Fender (LH),18800.0,ikman.lk
toyota,vitz,2008,Fender (RH),18800.0,ikman.lk
toyota,vitz,2008,Front Bumper,34200.0,ikman.lk
toyota,vitz,2008,Front Door (LH),61100.0,ikman.lk
toyota,vitz,2008,Front Door (RH),61100.0,ikman.lk
toyota,vitz,2008,Front Grille,21400.0,ikman.lk & daraz.lk
toyota,vitz,2008,Front Windshield,65800.0,ikman.lk
toyota,vitz,2008,Headlight (LH),21400.0,ikman.lk & newpgenterprises.com
toyota,vitz,2008,Headlight (RH),21400.0,ikman.lk & newpgenterprises.com
toyota,vitz,2008,Hood/Bonnet,56400.0,ikman.lk
toyota,vitz,2008,Hybrid Battery,,batterylab.lk
toyota,vitz,2008,Radiator,38500.0,ikman.lk
toyota,vitz,2008,Rear Door (LH),56400.0,ikman.lk
toyota,vitz,2008,Rear Door (RH),56400.0,ikman.lk
toyota,vitz,2008,Shock Absorber (Front),25600.0,ikman.lk
toyota,vitz,2008,Side Mirror (LH),15400.0,ikman.lk
toyota,vitz,2008,Side Mirror (RH),15400.0,ikman.lk
toyota,vitz,2008,Tail Light (LH),17100.0,ikman.lk
toyota,vitz,2008,Tail Light (RH),17100.0,ikman.lk
toyota,vitz,2012,Alloy Wheel (Single),33200.0,ikman.lk & daraz.lk
toyota,vitz,2012,Brake Pad Set (Front),11400.0,daraz.lk
toyota,vitz,2012,Fender (LH),20900.0,ikman.lk
toyota,vitz,2012,Fender (RH),20900.0,ikman.lk
toyota,vitz,2012,Front Bumper,38000.0,ikman.lk
toyota,vitz,2012,Front Door (LH),67900.0,ikman.lk
toyota,vitz,2012,Front Door (RH),67900.0,ikman.lk
toyota,vitz,2012,Front Grille,23800.0,ikman.lk & daraz.lk
toyota,vitz,2012,Front Windshield,73200.0,ikman.lk
toyota,vitz,2012,Headlight (LH),23800.0,ikman.lk & newpgenterprises.com
toyota,vitz,2012,Headlight (RH),23800.0,ikman.lk & newpgenterprises.com
toyota,vitz,2012,Hood/Bonnet,62700.0,ikman.lk
toyota,vitz,2012,Hybrid Battery,,batterylab.lk
toyota,vitz,2012,Radiator,42800.0,ikman.lk
toyota,vitz,2012,Rear Door (LH),62700.0,ikman.lk
toyota,vitz,2012,Rear Door (RH),62700.0,ikman.lk
toyota,vitz,2012,Shock Absorber (Front),28500.0,ikman.lk
toyota,vitz,2012,Side Mirror (LH),17100.0,ikman.lk
toyota,vitz,2012,Side Mirror (RH),17100.0,ikman.lk
toyota,vitz,2012,Tail Light (LH),19000.0,ikman.lk
toyota,vitz,2012,Tail Light (RH),19000.0,ikman.lk
toyota,vitz,2017,Alloy Wheel (Single),38200.0,ikman.lk & daraz.lk
toyota,vitz,2017,Brake Pad Set (Front),13100.0,daraz.lk
toyota,vitz,2017,Fender (LH),24000.0,ikman.lk
toyota,vitz,2017,Fender (RH),24000.0,ikman.lk
toyota,vitz,2017,Front Bumper,43700.0,ikman.lk
toyota,vitz,2017,Front Door (LH),78100.0,ikman.lk
toyota,vitz,2017,Front Door (RH),78100.0,ikman.lk
toyota,vitz,2017,Front Grille,27300.0,ikman.lk & daraz.lk
toyota,vitz,2017,Front Windshield,84100.0,ikman.lk
toyota,vitz,2017,Headlight (LH),27300.0,ikman.lk & newpgenterprises.com
toyota,vitz,2017,Headlight (RH),27300.0,ikman.lk & newpgenterprises.com
toyota,vitz,2017,Hood/Bonnet,72100.0,ikman.lk
toyota,vitz,2017,Hybrid Battery,,batterylab.lk
toyota,vitz,2017,Radiator,49200.0,ikman.lk
toyota,vitz,2017,Rear Door (LH),72100.0,ikman.lk
toyota,vitz,2017,Rear Door (RH),72100.0,ikman.lk
toyota,vitz,2017,Shock Absorber (Front),32800.0,ikman.lk
toyota,vitz,2017,Side Mirror (LH),19700.0,ikman.lk
toyota,vitz,2017,Side Mirror (RH),19700.0,ikman.lk
toyota,vitz,2017,Tail Light (LH),21800.0,ikman.lk
toyota,vitz,2017,Tail Light (RH),21800.0,ikman.lk
toyota,yaris,2018,Alloy Wheel (Single),40200.0,ikman.lk & daraz.lk
toyota,yaris,2018,Brake Pad Set (Front),13800.0,daraz.lk
toyota,yaris,2018,Fender (LH),25300.0,ikman.lk
toyota,yaris,2018,Fender (RH),25300.0,ikman.lk
toyota,yaris,2018,Front Bumper,46000.0,ikman.lk
toyota,yaris,2018,Front Door (LH),82200.0,ikman.lk
toyota,yaris,2018,Front Door (RH),82200.0,ikman.lk
toyota,yaris,2018,Front Grille,28700.0,ikman.lk & daraz.lk
toyota,yaris,2018,Front Windshield,88600.0,ikman.lk
toyota,yaris,2018,Headlight (LH),28700.0,ikman.lk & newpgenterprises.com
toyota,yaris,2018,Headlight (RH),28700.0,ikman.lk & newpgenterprises.com
toyota,yaris,2018,Hood/Bonnet,75900.0,ikman.lk
toyota,yaris,2018,Hybrid Battery,,batterylab.lk
toyota,yaris,2018,Radiator,51700.0,ikman.lk
toyota,yaris,2018,Rear Door (LH),75900.0,ikman.lk
toyota,yaris,2018,Rear Door (RH),75900.0,ikman.lk
toyota,yaris,2018,Shock Absorber (Front),34500.0,ikman.lk
toyota,yaris,2018,Side Mirror (LH),20700.0,ikman.lk
toyota,yaris,2018,Side Mirror (RH),20700.0,ikman.lk
toyota,yaris,2018,Tail Light (LH),23000.0,ikman.lk
toyota,yaris,2018,Tail Light (RH),23000.0,ikman.lk
toyota,yaris,2020,Alloy Wheel (Single),43800.0,ikman.lk & daraz.lk
toyota,yaris,2020,Brake Pad Set (Front),15000.0,daraz.lk
toyota,yaris,2020,Fender (LH),27500.0,ikman.lk
toyota,yaris,2020,Fender (RH),27500.0,ikman.lk
toyota,yaris,2020,Front Bumper,50000.0,ikman.lk
toyota,yaris,2020,Front Door (LH),89400.0,ikman.lk
toyota,yaris,2020,Front Door (RH),89400.0,ikman.lk
toyota,yaris,2020,Front Grille,31200.0,ikman.lk & daraz.lk
toyota,yaris,2020,Front Windshield,96300.0,ikman.lk
toyota,yaris,2020,Headlight (LH),31200.0,ikman.lk & newpgenterprises.com
toyota,yaris,2020,Headlight (RH),31200.0,ikman.lk & newpgenterprises.com
toyota,yaris,2020,Hood/Bonnet,82500.0,ikman.lk
toyota,yaris,2020,Hybrid Battery,,batterylab.lk
toyota,yaris,2020,Radiator,56200.0,ikman.lk
toyota,yaris,2020,Rear Door (LH),82500.0,ikman.lk
toyota,yaris,2020,Rear Door (RH),82500.0,ikman.lk
toyota,yaris,2020,Shock Absorber (Front),37500.0,ikman.lk
toyota,yaris,2020,Side Mirror (LH),22500.0,ikman.lk
toyota,yaris,2020,Side Mirror (RH),22500.0,ikman.lk
toyota,yaris,2020,Tail Light (LH),25000.0,ikman.lk
toyota,yaris,2020,Tail Light (RH),25000.0,ikman.lk
toyota,yaris,2022,Alloy Wheel (Single),47200.0,ikman.lk & daraz.lk
toyota,yaris,2022,Brake Pad Set (Front),16200.0,daraz.lk
toyota,yaris,2022,Fender (LH),29700.0,ikman.lk
toyota,yaris,2022,Fender (RH),29700.0,ikman.lk
toyota,yaris,2022,Front Bumper,54000.0,ikman.lk
toyota,yaris,2022,Front Door (LH),96500.0,ikman.lk
toyota,yaris,2022,Front Door (RH),96500.0,ikman.lk
toyota,yaris,2022,Front Grille,33800.0,ikman.lk & daraz.lk
toyota,yaris,2022,Front Windshield,104000.0,ikman.lk
toyota,yaris,2022,Headlight (LH),33800.0,ikman.lk & newpgenterprises.com
toyota,yaris,2022,Headlight (RH),33800.0,ikman.lk & newpgenterprises.com
toyota,yaris,2022,Hood/Bonnet,89100.0,ikman.lk
toyota,yaris,2022,Hybrid Battery,,batterylab.lk
toyota,yaris,2022,Radiator,60800.0,ikman.lk
toyota,yaris,2022,Rear Door (LH),89100.0,ikman.lk
toyota,yaris,2022,Rear Door (RH),89100.0,ikman.lk
toyota,yaris,2022,Shock Absorber (Front),40500.0,ikman.lk
toyota,yaris,2022,Side Mirror (LH),24300.0,ikman.lk
toyota,yaris,2022,Side Mirror (RH),24300.0,ikman.lk
toyota,yaris,2022,Tail Light (LH),27000.0,ikman.lk
toyota,yaris,2022,Tail Light (RH),27000.0,ikman.lk
