user_id,user_location_lat,user_location_lon,city,preferred_price_range,max_acceptable_distance,min_acceptable_rating,importance_speed,importance_cost,importance_quality,importance_proximity,vehicle_count,avg_repairs_per_year,age_group,occupation,insurance_holder
USER001,6.774627,79.832613,Maharagama,mid_range,10,4.5,0.611,0.602,0.993,0.943,2,2.0,60+,retired,0
USER002,6.965711,79.951823,Colombo,mid_range,5,3.5,0.538,0.293,0.487,0.447,1,0.5,60+,business_owner,1
USER003,6.872713,79.829218,Moratuwa,mid_range,10,4.5,0.441,0.85,1.0,0.816,2,0.5,51-60,employee,0
USER004,6.917002,79.936134,Moratuwa,mid_range,20,3.5,0.481,0.734,0.375,0.381,2,0.5,31-40,employee,0
USER005,6.862817,79.971421,Dehiwala,mid_range,25,4.0,0.534,0.546,0.669,0.705,2,2.0,41-50,business_owner,0
USER006,6.830338,79.837439,Maharagama,premium,10,3.0,0.656,0.391,0.988,0.3,1,1.0,31-40,employee,0
USER007,6.867096,79.988478,Colombo,mid_range,15,4.5,0.564,0.132,0.822,0.585,2,1.0,51-60,retired,1
USER008,6.810016,79.959114,Colombo,mid_range,15,3.5,0.498,0.298,0.92,0.866,1,2.0,51-60,professional,1
USER009,6.989763,79.93864,Colombo,mid_range,20,3.5,0.503,0.53,0.514,0.512,1,1.0,41-50,professional,1
USER010,6.79954,79.854483,Malabe,budget,3,3.5,0.724,0.786,0.435,0.452,1,1.0,31-40,professional,1
USER011,6.883977,79.881664,Colombo,premium,15,3.0,0.411,0.396,0.852,0.488,2,3.0,41-50,professional,1
USER012,6.815591,79.828422,Colombo,premium,20,4.0,0.621,0.536,0.776,0.776,1,1.0,31-40,professional,0
USER013,6.994069,79.952263,Colombo,budget,10,3.5,0.514,0.391,0.907,0.804,1,1.0,51-60,employee,1
USER014,6.888267,79.976657,Maharagama,mid_range,5,3.5,0.545,0.849,0.605,0.632,2,1.0,20-30,professional,1
USER015,6.720165,79.82823,Colombo,mid_range,5,4.0,0.555,0.745,0.663,0.406,1,1.0,31-40,professional,1
USER016,6.963072,79.833128,Battaramulla,budget,5,3.0,0.361,0.795,0.654,0.308,3,1.0,31-40,employee,0
USER017,6.725357,79.998162,Moratuwa,premium,10,4.0,0.599,0.449,0.712,0.647,1,0.5,20-30,professional,1
USER018,6.825761,79.913563,Nugegoda,mid_range,15,4.0,0.523,0.863,0.565,0.868,1,2.0,31-40,employee,0
USER019,6.856693,79.925688,Colombo,budget,15,4.0,0.367,0.796,0.083,0.661,1,2.0,31-40,employee,0
USER020,6.912402,79.842709,Colombo,mid_range,15,4.5,0.638,0.365,0.508,0.487,2,1.0,41-50,employee,1
USER021,6.958006,79.884059,Colombo,mid_range,5,3.5,0.886,0.663,0.819,0.292,1,1.0,41-50,professional,0
USER022,6.863563,79.905423,Colombo,budget,5,4.5,0.617,0.655,0.525,0.271,1,0.5,31-40,professional,1
USER023,6.783536,79.842084,Moratuwa,mid_range,10,3.5,0.815,0.502,0.697,0.381,1,0.5,41-50,business_owner,0
USER024,6.766894,79.892168,Moratuwa,mid_range,20,4.0,0.306,0.819,0.587,0.555,2,1.0,20-30,employee,0
USER025,6.868855,79.907232,Colombo,mid_range,15,4.0,0.596,0.217,0.726,0.832,3,2.0,41-50,business_owner,1
USER026,6.767479,79.846021,Battaramulla,premium,5,4.5,0.477,0.313,1.0,0.809,1,0.5,51-60,professional,1
USER027,6.815546,79.905999,Colombo,budget,10,4.5,0.478,0.371,0.677,0.549,1,1.0,60+,retired,1
USER028,6.97383,79.890194,Battaramulla,premium,3,4.0,0.471,0.337,0.917,0.303,1,0.5,20-30,professional,0
USER029,6.753123,79.830409,Colombo,mid_range,20,4.0,0.293,0.449,0.613,0.585,1,0.5,31-40,professional,0
USER030,6.836238,79.902787,Colombo,budget,10,3.5,0.429,0.933,0.914,0.656,1,1.0,20-30,professional,1
USER031,6.761528,79.800276,Nugegoda,mid_range,10,4.0,0.275,0.415,0.961,0.506,1,2.0,51-60,employee,0
USER032,6.841365,79.872706,Moratuwa,mid_range,15,4.5,0.499,0.427,0.702,0.791,1,0.5,51-60,retired,1
USER033,6.967144,79.856168,Nugegoda,mid_range,15,4.5,0.507,0.423,0.266,0.109,1,1.0,31-40,professional,0
USER034,6.864708,79.996247,Nugegoda,mid_range,3,3.5,0.313,0.605,0.61,0.323,2,0.5,51-60,professional,0
USER035,6.960424,79.907388,Colombo,mid_range,5,4.0,0.623,0.448,0.337,0.489,1,1.0,41-50,professional,0
USER036,6.888,79.937751,Colombo,mid_range,5,3.5,0.592,0.589,0.34,0.574,3,3.0,20-30,employee,0
USER037,6.877453,79.886606,Colombo,mid_range,25,3.5,0.665,0.586,0.53,0.163,1,3.0,20-30,employee,0
USER038,6.979607,79.984732,Colombo,premium,5,4.5,0.441,0.576,1.0,0.624,2,0.5,41-50,professional,1
USER039,6.857031,79.877182,Maharagama,mid_range,15,4.0,0.589,0.524,0.814,0.238,1,1.0,20-30,professional,1
USER040,6.826932,79.987823,Maharagama,mid_range,10,4.0,0.592,0.921,0.812,0.564,1,1.0,51-60,employee,0
USER041,6.8159,79.823847,Nugegoda,mid_range,3,4.0,0.503,0.65,0.899,0.554,2,1.0,31-40,retired,0
USER042,6.934388,79.884207,Colombo,premium,5,4.0,0.3,0.738,1.0,0.82,3,2.0,31-40,business_owner,1
USER043,6.956583,79.912223,Battaramulla,mid_range,10,4.0,0.585,0.862,0.42,0.721,2,0.5,20-30,professional,0
USER044,6.75536,79.917099,Dehiwala,mid_range,25,3.5,0.481,0.11,0.384,0.329,2,2.0,41-50,professional,1
USER045,6.925377,79.928064,Colombo,budget,10,3.5,0.343,0.585,0.584,0.488,2,1.0,41-50,employee,1
USER046,6.748601,79.910914,Dehiwala,premium,5,4.5,0.599,0.462,0.768,0.564,1,0.5,20-30,professional,1
USER047,6.971935,79.945739,Colombo,budget,15,4.0,0.467,1.0,0.491,0.698,1,2.0,20-30,professional,1
USER048,6.969094,79.864266,Colombo,mid_range,10,4.0,0.316,0.263,0.823,0.424,1,2.0,41-50,professional,0
USER049,6.91835,79.926624,Kotte,mid_range,15,4.0,0.465,0.64,0.625,0.406,1,1.0,31-40,business_owner,0
USER050,6.970036,79.909341,Nugegoda,mid_range,5,4.5,0.427,0.582,0.874,0.616,2,1.0,31-40,business_owner,1
USER051,6.994764,79.955921,Colombo,premium,10,4.0,0.672,0.384,0.878,0.6,1,1.0,41-50,professional,0
USER052,6.70932,79.814212,Kotte,budget,5,4.0,0.686,0.842,0.704,0.585,3,1.0,20-30,business_owner,0
USER053,6.904768,79.846772,Malabe,mid_range,10,4.5,0.753,0.535,0.635,0.704,1,0.5,31-40,professional,1
USER054,6.722686,79.833035,Dehiwala,mid_range,5,4.0,0.237,0.341,0.735,0.387,1,0.5,31-40,employee,1
USER055,6.825199,79.884753,Nugegoda,mid_range,5,3.0,0.587,0.901,0.487,0.326,1,2.0,20-30,employee,1
USER056,6.755208,79.837804,Dehiwala,mid_range,15,3.5,0.666,0.065,0.698,0.828,2,3.0,41-50,employee,1
USER057,6.971373,79.822795,Malabe,premium,5,4.5,0.628,0.631,0.873,0.643,2,2.0,31-40,professional,0
USER058,6.781111,79.880636,Colombo,mid_range,10,3.5,0.685,0.705,0.508,0.548,3,1.0,41-50,business_owner,0
USER059,6.767669,79.997858,Colombo,budget,10,3.5,0.341,1.0,0.332,0.458,1,1.0,20-30,professional,1
USER060,6.829883,79.990821,Colombo,budget,25,4.0,0.455,1.0,0.671,0.04,1,0.5,41-50,employee,0
USER061,6.886767,79.963943,Moratuwa,mid_range,25,3.5,0.358,0.299,0.773,0.745,1,1.0,31-40,professional,0
USER062,6.806248,79.846308,Dehiwala,budget,15,3.5,0.628,0.735,0.736,0.69,3,1.0,51-60,business_owner,0
USER063,6.818472,79.822454,Colombo,budget,10,4.5,0.344,0.902,0.58,0.661,1,1.0,41-50,professional,0
USER064,6.774365,79.880425,Battaramulla,mid_range,5,4.5,0.296,0.551,0.548,0.763,2,1.0,31-40,professional,1
USER065,6.72594,79.847446,Colombo,mid_range,20,3.5,0.489,0.366,0.548,0.498,1,2.0,20-30,professional,1
USER066,6.724037,79.979996,Colombo,mid_range,3,3.5,0.763,0.275,0.692,0.491,1,0.5,60+,professional,1
USER067,6.894162,79.801715,Battaramulla,mid_range,10,3.5,0.302,0.806,0.22,0.71,2,3.0,31-40,employee,0
USER068,6.857228,79.859086,Nugegoda,mid_range,5,4.0,0.852,0.494,0.723,0.606,2,2.0,41-50,business_owner,1
USER069,6.724117,79.965219,Kotte,mid_range,5,3.0,0.393,0.384,0.604,0.409,2,0.5,31-40,employee,1
USER070,6.998501,79.959132,Colombo,mid_range,15,4.5,0.246,0.899,0.666,0.254,1,1.0,31-40,employee,0
USER071,6.845795,79.873757,Nugegoda,premium,15,4.0,0.647,0.664,0.793,0.361,1,0.5,31-40,professional,0
USER072,6.959103,79.910601,Dehiwala,mid_range,10,4.0,0.382,0.087,0.89,0.466,1,0.5,51-60,retired,1
USER073,6.885162,79.856105,Colombo,mid_range,10,3.5,0.571,0.421,0.803,0.402,1,1.0,20-30,professional,1
USER074,6.805014,79.941452,Colombo,mid_range,10,4.5,0.406,0.473,0.711,0.666,2,1.0,51-60,employee,0
USER075,6.80035,79.985324,Kotte,mid_range,3,4.0,0.865,0.527,0.791,0.576,1,0.5,51-60,professional,0
USER076,6.851337,79.940449,Colombo,mid_range,25,3.5,0.515,0.64,0.563,0.388,2,2.0,31-40,business_owner,0
USER077,6.848686,79.867729,Colombo,mid_range,10,3.5,0.563,0.863,0.795,0.778,1,1.0,20-30,employee,0
USER078,6.862848,79.935097,Colombo,mid_range,10,3.5,0.308,0.755,0.668,0.513,1,1.0,31-40,employee,1
USER079,6.783277,79.860064,Colombo,premium,5,4.5,0.512,0.255,1.0,0.566,1,2.0,51-60,professional,1
USER080,6.873566,79.974537,Colombo,budget,5,3.5,0.481,0.607,0.627,0.362,1,2.0,20-30,retired,1
USER081,6.777841,79.820458,Malabe,mid_range,10,4.5,0.98,0.828,0.552,0.653,1,0.5,31-40,employee,0
USER082,6.861582,79.920646,Moratuwa,mid_range,3,3.5,0.8,0.484,0.789,0.436,2,0.5,31-40,business_owner,1
USER083,6.782705,79.930267,Colombo,mid_range,10,4.0,0.753,0.485,0.551,0.501,2,1.0,20-30,employee,0
USER084,6.980299,79.86615,Battaramulla,mid_range,20,3.0,0.523,0.638,0.525,0.418,1,0.5,41-50,professional,0
USER085,6.998536,79.977928,Colombo,budget,10,4.5,0.318,0.647,1.0,0.456,1,0.5,20-30,employee,1
USER086,6.700977,79.802131,Kotte,budget,5,3.5,0.447,0.493,0.428,0.399,2,0.5,41-50,employee,0
USER087,6.706052,79.956523,Nugegoda,premium,15,3.5,0.547,0.606,0.862,0.172,3,1.0,31-40,employee,1
USER088,6.930703,79.997021,Dehiwala,mid_range,3,4.0,0.772,0.642,0.67,0.661,1,0.5,51-60,employee,1
USER089,6.716171,79.829039,Colombo,budget,5,3.5,0.736,0.48,0.319,0.404,1,1.0,51-60,employee,0
USER090,6.944394,79.809909,Nugegoda,budget,5,4.5,0.699,0.879,0.53,0.633,3,2.0,60+,employee,0
USER091,6.725335,79.868839,Colombo,premium,5,3.5,0.563,0.827,0.714,0.491,1,2.0,31-40,professional,1
USER092,6.795017,79.943417,Colombo,mid_range,15,4.0,0.703,0.653,0.518,0.755,3,1.0,41-50,business_owner,1
USER093,6.876293,79.913941,Kotte,mid_range,5,3.5,0.725,0.285,0.921,0.626,2,2.0,51-60,business_owner,1
USER094,6.935985,79.968142,Colombo,mid_range,20,4.5,0.211,0.8,0.592,0.462,1,0.5,20-30,professional,0
USER095,6.790642,79.857868,Colombo,premium,20,4.0,0.511,0.499,0.866,0.411,1,1.0,51-60,professional,1
USER096,6.863185,79.967482,Dehiwala,mid_range,5,3.5,0.763,0.201,0.98,0.852,1,2.0,51-60,professional,1
USER097,6.895281,79.817551,Colombo,budget,10,3.5,0.492,0.37,0.343,0.236,1,1.0,41-50,employee,1
USER098,6.790101,79.978411,Nugegoda,mid_range,15,4.5,0.426,0.241,0.945,0.506,1,2.0,60+,employee,1
USER099,6.894818,79.947013,Colombo,premium,15,4.0,0.409,0.403,0.799,0.697,2,1.0,31-40,employee,0
USER100,6.833459,79.850055,Dehiwala,premium,5,3.0,0.155,0.0,1.0,0.442,1,0.5,60+,retired,1
USER101,6.772144,79.949703,Dehiwala,mid_range,5,4.5,0.188,0.291,0.883,0.542,2,1.0,51-60,business_owner,1
USER102,6.982601,79.839965,Colombo,budget,10,3.5,0.415,0.508,0.784,0.626,2,1.0,41-50,professional,1
USER103,6.964536,79.999163,Moratuwa,mid_range,10,4.0,0.805,0.562,0.812,0.453,3,1.0,51-60,business_owner,0
USER104,6.739352,79.918153,Kotte,mid_range,3,4.0,0.337,0.539,0.682,0.415,3,1.0,51-60,professional,0
USER105,6.708873,79.888139,Nugegoda,premium,15,3.5,0.729,0.439,0.923,0.518,1,1.0,51-60,employee,0
USER106,6.985375,79.940592,Maharagama,budget,5,3.5,0.813,0.908,0.473,0.044,1,0.5,20-30,professional,0
USER107,6.764467,79.951115,Kotte,mid_range,5,4.5,0.234,0.817,0.756,0.15,1,3.0,31-40,employee,0
USER108,6.728003,79.839134,Moratuwa,budget,10,4.5,0.534,0.692,0.631,0.375,1,1.0,20-30,professional,1
USER109,6.907144,79.938921,Kotte,mid_range,15,4.5,0.467,0.608,0.911,0.104,1,0.5,41-50,employee,1
USER110,6.72543,79.887797,Colombo,mid_range,5,4.0,0.706,0.552,0.784,0.453,1,2.0,31-40,professional,0
USER111,6.724824,79.878749,Colombo,mid_range,25,3.5,0.286,0.696,0.614,0.105,1,1.0,20-30,employee,0
USER112,6.786104,79.845515,Malabe,mid_range,15,4.0,0.556,0.384,0.385,0.386,1,0.5,31-40,employee,1
USER113,6.8534,79.916028,Nugegoda,premium,3,4.0,0.421,0.343,0.972,0.826,3,2.0,51-60,employee,1
USER114,6.731624,79.896737,Colombo,mid_range,10,4.5,0.606,1.0,1.0,0.454,1,0.5,20-30,employee,0
USER115,6.832799,79.895462,Kotte,mid_range,10,4.0,0.392,0.265,0.81,0.424,1,0.5,51-60,professional,1
USER116,6.760593,79.939092,Dehiwala,mid_range,10,3.5,0.48,0.534,0.573,0.494,1,0.5,31-40,professional,1
USER117,6.864375,79.868614,Moratuwa,premium,3,3.5,0.63,0.109,1.0,0.696,2,0.5,60+,retired,1
USER118,6.792171,79.800308,Battaramulla,budget,5,4.0,0.338,0.843,0.172,0.631,2,1.0,20-30,professional,0
USER119,6.734148,79.89766,Nugegoda,mid_range,5,3.5,0.625,0.439,0.652,0.554,1,0.5,51-60,employee,0
USER120,6.722688,79.991834,Colombo,premium,3,3.5,0.631,0.303,1.0,0.526,1,0.5,51-60,retired,0
USER121,6.908395,79.802272,Malabe,mid_range,10,4.0,0.413,0.883,0.58,0.526,3,1.0,31-40,professional,0
USER122,6.904526,79.864936,Kotte,mid_range,5,3.5,0.713,0.176,0.662,0.466,1,0.5,60+,retired,1
USER123,6.94154,79.849939,Colombo,premium,10,4.0,0.559,0.391,0.988,0.492,1,0.5,20-30,professional,0
USER124,6.882236,79.96773,Dehiwala,mid_range,5,4.0,0.606,0.374,0.96,0.726,3,3.0,60+,employee,0
USER125,6.775355,79.805877,Maharagama,premium,10,3.5,0.002,0.168,0.993,0.78,2,1.0,60+,retired,1
USER126,6.979153,79.911587,Colombo,premium,25,3.5,0.326,0.391,0.722,0.53,2,1.0,31-40,employee,1
USER127,6.742479,79.888607,Maharagama,mid_range,5,4.0,0.431,0.373,0.619,0.601,1,0.5,51-60,professional,1
USER128,6.929524,79.833082,Colombo,mid_range,3,4.0,0.418,0.559,0.656,0.527,2,3.0,41-50,professional,0
USER129,6.732962,79.946406,Malabe,mid_range,15,3.5,0.433,0.698,0.692,0.609,1,1.0,31-40,employee,1
USER130,6.99745,79.982464,Moratuwa,budget,10,4.0,0.393,0.692,0.759,0.559,3,2.0,60+,retired,0
USER131,6.709167,79.812511,Nugegoda,mid_range,20,4.5,0.724,0.573,0.507,0.348,3,1.0,31-40,employee,0
USER132,6.987619,79.989867,Moratuwa,mid_range,15,3.0,0.747,0.354,0.604,0.627,1,1.0,31-40,employee,1
USER133,6.966643,79.811667,Dehiwala,mid_range,10,3.5,0.525,0.438,0.673,1.0,2,2.0,60+,business_owner,1
USER134,6.898247,79.987093,Kotte,mid_range,10,3.5,0.7,0.409,1.0,0.529,2,2.0,51-60,employee,1
USER135,6.766258,79.871289,Malabe,mid_range,5,3.5,0.263,0.423,0.936,0.615,3,3.0,51-60,employee,1
USER136,6.787359,79.919845,Kotte,mid_range,10,3.5,0.471,0.983,0.515,0.916,2,1.0,31-40,employee,0
USER137,6.789831,79.934406,Nugegoda,budget,15,3.5,0.445,0.655,0.246,0.487,1,2.0,20-30,employee,1
USER138,6.800696,79.97577,Moratuwa,premium,5,4.0,0.547,0.846,0.811,0.448,1,0.5,31-40,employee,0
USER139,6.99866,79.901192,Colombo,mid_range,10,4.0,0.746,0.638,1.0,0.576,3,2.0,31-40,business_owner,1
USER140,6.812205,79.807769,Colombo,mid_range,25,3.0,0.786,0.622,0.312,0.437,2,1.0,31-40,employee,0
USER141,6.905771,79.858244,Colombo,premium,5,3.5,0.334,0.405,0.918,0.292,1,1.0,60+,retired,0
USER142,6.866151,79.964533,Maharagama,premium,5,3.5,0.593,0.373,0.785,0.705,1,2.0,51-60,business_owner,1
USER143,6.797324,79.871793,Battaramulla,mid_range,10,3.5,0.409,0.704,0.846,0.525,1,1.0,31-40,employee,0
USER144,6.920434,79.813537,Nugegoda,mid_range,3,4.0,0.872,0.558,0.402,0.486,2,3.0,41-50,business_owner,0
USER145,6.895375,79.916299,Colombo,mid_range,10,3.5,0.643,0.665,0.591,0.188,1,3.0,31-40,professional,0
USER146,6.730568,79.832305,Malabe,mid_range,25,4.0,0.307,0.735,0.509,0.741,2,1.0,31-40,professional,1
USER147,6.762422,79.8385,Moratuwa,mid_range,10,3.5,0.519,0.793,0.417,0.198,1,2.0,20-30,employee,0
USER148,6.858546,79.944483,Colombo,budget,20,4.0,1.0,0.669,0.968,0.501,1,1.0,51-60,business_owner,1
USER149,6.837119,79.806032,Colombo,premium,10,3.5,0.44,0.342,0.889,0.618,1,0.5,51-60,employee,0
USER150,6.74972,79.927963,Malabe,budget,15,3.5,0.432,0.702,0.845,0.502,1,1.0,60+,retired,1
USER151,6.890006,79.931262,Nugegoda,premium,15,4.5,0.54,0.67,0.65,0.584,2,1.0,41-50,business_owner,0
USER152,6.87851,79.850024,Moratuwa,premium,15,3.5,0.416,0.332,1.0,0.566,2,2.0,60+,retired,1
USER153,6.890174,79.829875,Battaramulla,premium,20,4.0,0.269,0.575,0.743,0.287,1,0.5,31-40,employee,1
USER154,6.804017,79.839384,Moratuwa,mid_range,15,4.5,0.697,0.246,0.764,0.625,3,1.0,41-50,business_owner,1
USER155,6.849275,79.822519,Nugegoda,mid_range,5,3.5,0.312,0.712,0.688,0.48,1,0.5,41-50,employee,0
USER156,6.751456,79.943549,Battaramulla,mid_range,3,4.0,0.829,0.35,1.0,0.698,3,1.0,51-60,professional,1
USER157,6.895169,79.856403,Nugegoda,budget,3,4.0,0.259,0.538,0.561,0.507,1,0.5,20-30,professional,1
USER158,6.942987,79.931956,Colombo,mid_range,15,3.5,0.574,0.604,0.516,0.679,2,3.0,41-50,business_owner,0
USER159,6.968263,79.997949,Nugegoda,mid_range,10,3.5,0.942,0.744,0.667,0.134,1,0.5,31-40,professional,0
USER160,6.734225,79.931471,Nugegoda,budget,5,3.0,0.653,0.767,0.878,0.582,1,0.5,31-40,professional,1
USER161,6.815689,79.819423,Nugegoda,budget,5,3.5,0.404,0.82,0.87,0.653,2,1.0,51-60,professional,1
USER162,6.907667,79.840001,Malabe,budget,15,4.5,0.465,0.757,0.618,0.312,3,3.0,20-30,business_owner,1
USER163,6.907437,79.975855,Dehiwala,mid_range,5,4.0,0.508,0.558,0.401,0.442,1,0.5,31-40,professional,1
USER164,6.737614,79.984922,Dehiwala,mid_range,15,3.5,0.218,0.764,0.738,0.337,1,0.5,20-30,employee,0
USER165,6.934442,79.995733,Kotte,budget,15,3.0,0.47,0.787,0.621,0.533,1,1.0,31-40,employee,0
USER166,6.85086,79.938238,Nugegoda,premium,3,3.5,0.522,0.757,0.482,0.28,1,1.0,20-30,professional,0
USER167,6.834917,79.880997,Nugegoda,mid_range,5,3.0,0.165,0.746,0.497,0.692,1,0.5,20-30,employee,1
USER168,6.918425,79.947045,Dehiwala,budget,15,4.0,0.335,0.843,0.369,0.407,1,0.5,20-30,professional,1
USER169,6.901551,79.954928,Colombo,mid_range,5,3.0,0.647,0.668,0.505,0.195,1,1.0,31-40,employee,1
USER170,6.941046,79.975562,Moratuwa,mid_range,10,4.5,0.242,0.628,0.602,0.571,1,0.5,41-50,professional,0
USER171,6.882613,79.956776,Dehiwala,premium,15,4.0,0.59,0.333,0.728,0.314,1,1.0,41-50,professional,1
USER172,6.970044,79.87259,Maharagama,mid_range,5,3.5,0.417,0.339,0.977,0.622,1,1.0,51-60,business_owner,1
USER173,6.895742,79.953625,Nugegoda,mid_range,5,4.0,0.674,0.598,0.621,0.611,1,2.0,41-50,employee,0
USER174,6.897324,79.87141,Colombo,mid_range,10,4.0,0.649,0.441,0.664,0.684,1,0.5,31-40,employee,0
USER175,6.853297,79.821776,Colombo,mid_range,5,3.5,0.588,0.52,0.552,0.569,3,2.0,41-50,professional,0
USER176,6.887595,79.942605,Nugegoda,budget,5,4.0,0.786,0.649,0.479,0.758,1,3.0,51-60,retired,0
USER177,6.992868,79.962213,Colombo,mid_range,5,4.0,0.25,0.377,0.815,0.714,1,2.0,51-60,professional,0
USER178,6.794354,79.858543,Dehiwala,mid_range,5,4.0,0.423,0.418,0.863,0.4,1,0.5,51-60,employee,1
USER179,6.926015,79.803493,Malabe,mid_range,15,4.0,0.683,0.889,0.248,0.916,1,2.0,31-40,employee,0
USER180,6.952907,79.864224,Nugegoda,mid_range,15,4.0,0.379,0.454,0.793,0.587,1,1.0,41-50,professional,1
USER181,6.848213,79.980918,Moratuwa,premium,5,4.0,0.626,0.806,0.819,0.568,1,1.0,31-40,employee,0
USER182,6.920742,79.810576,Colombo,mid_range,5,3.5,0.677,0.429,0.598,0.562,1,1.0,31-40,professional,1
USER183,6.755387,79.892321,Dehiwala,mid_range,15,4.0,0.517,0.444,0.779,0.297,2,3.0,41-50,business_owner,1
USER184,6.928636,79.963926,Nugegoda,mid_range,10,3.5,0.61,0.427,1.0,0.429,1,0.5,60+,retired,1
USER185,6.827011,79.823171,Nugegoda,mid_range,10,4.0,0.368,0.4,1.0,0.717,3,3.0,41-50,business_owner,1
USER186,6.872196,79.866296,Dehiwala,mid_range,20,4.0,0.544,0.615,0.591,0.602,1,0.5,31-40,professional,0
USER187,6.92479,79.836006,Nugegoda,mid_range,15,3.5,0.568,0.098,0.406,0.239,1,0.5,41-50,employee,1
USER188,6.933909,79.965917,Moratuwa,premium,5,3.5,0.595,0.654,0.651,0.444,1,3.0,20-30,employee,0
USER189,6.794833,79.856106,Colombo,mid_range,10,3.5,0.523,0.432,0.559,0.743,2,0.5,41-50,employee,1
USER190,6.925224,79.976201,Colombo,mid_range,15,3.0,0.574,0.888,0.352,0.535,1,2.0,20-30,employee,0
USER191,6.981023,79.865905,Nugegoda,mid_range,20,3.5,0.841,0.516,0.933,0.472,2,1.0,31-40,retired,1
USER192,6.750618,79.881976,Colombo,mid_range,10,3.5,0.268,0.29,0.904,0.552,1,0.5,51-60,professional,1
USER193,6.896412,79.858881,Colombo,premium,5,3.5,0.781,0.521,0.993,0.381,3,1.0,41-50,business_owner,1
USER194,6.728727,79.989058,Kotte,mid_range,5,3.5,0.59,0.642,0.58,0.443,2,1.0,31-40,employee,0
USER195,6.768995,79.844105,Kotte,premium,10,4.0,0.718,0.141,1.0,0.601,2,0.5,20-30,business_owner,1
USER196,6.741757,79.934264,Nugegoda,premium,5,4.0,0.285,0.203,0.781,0.216,1,0.5,31-40,employee,0
USER197,6.864234,79.912368,Colombo,premium,5,3.5,0.771,0.318,0.639,0.772,2,2.0,51-60,employee,0
USER198,6.722978,79.873462,Malabe,premium,10,4.0,0.373,0.197,0.953,0.611,2,2.0,51-60,retired,1
USER199,6.983212,79.913721,Colombo,mid_range,10,4.0,0.484,0.644,0.613,0.452,2,3.0,31-40,employee,0
USER200,6.980822,79.968005,Colombo,premium,3,4.0,0.654,0.726,0.906,0.468,2,1.0,31-40,professional,0
USER201,6.706626,79.913934,Moratuwa,mid_range,15,3.5,0.71,0.647,0.657,0.077,1,1.0,20-30,employee,0
USER202,6.721616,79.803541,Nugegoda,mid_range,15,4.0,0.363,0.965,0.332,0.51,1,2.0,31-40,employee,0
USER203,6.856813,79.882184,Colombo,mid_range,5,4.0,0.656,0.035,0.83,0.63,1,0.5,60+,retired,1
USER204,6.803313,79.942587,Maharagama,budget,10,4.5,0.377,0.766,0.822,0.332,2,3.0,20-30,employee,0
USER205,6.717357,79.80641,Nugegoda,mid_range,15,3.5,0.524,0.543,0.644,0.482,1,0.5,20-30,professional,1
USER206,6.726481,79.992952,Dehiwala,mid_range,10,4.0,0.361,0.452,0.551,0.704,1,2.0,31-40,employee,1
USER207,6.783813,79.931857,Dehiwala,budget,10,3.5,0.399,1.0,0.93,0.334,1,3.0,20-30,employee,1
USER208,6.864549,79.829003,Kotte,mid_range,5,3.5,0.507,0.691,0.681,0.581,1,1.0,20-30,professional,1
USER209,6.834402,79.995617,Nugegoda,mid_range,10,4.0,0.523,0.795,0.629,0.494,1,2.0,31-40,employee,0
USER210,6.947998,79.890358,Kotte,mid_range,5,4.0,0.369,0.685,0.586,0.58,1,1.0,20-30,professional,1
USER211,6.714273,79.977423,Colombo,mid_range,10,3.0,0.524,0.627,0.467,0.531,1,1.0,31-40,professional,0
USER212,6.719988,79.936665,Colombo,premium,5,4.0,0.426,0.0,1.0,0.729,2,0.5,51-60,business_owner,1
USER213,6.821626,79.814427,Nugegoda,mid_range,10,4.5,0.604,0.708,1.0,0.201,2,1.0,31-40,professional,0
USER214,6.917945,79.911962,Battaramulla,mid_range,15,3.5,0.45,0.529,0.589,0.786,1,1.0,41-50,employee,1
USER215,6.876323,79.900257,Colombo,mid_range,20,4.0,0.548,0.634,0.498,0.43,1,1.0,20-30,professional,0
USER216,6.711971,79.811403,Maharagama,mid_range,3,3.5,0.187,0.489,0.672,0.394,1,0.5,20-30,employee,1
USER217,6.830884,79.831473,Moratuwa,budget,20,4.0,0.563,0.561,0.48,0.718,2,2.0,51-60,employee,1
USER218,6.869573,79.888111,Maharagama,premium,20,3.5,0.291,0.691,0.517,0.463,1,0.5,20-30,employee,0
USER219,6.992829,79.856884,Colombo,mid_range,10,4.5,0.671,0.594,0.945,0.723,1,0.5,60+,employee,0
USER220,6.967997,79.843512,Nugegoda,mid_range,10,3.5,0.6,0.962,0.752,0.726,2,1.0,41-50,business_owner,1
USER221,6.871209,79.824948,Colombo,budget,25,3.5,0.63,1.0,0.115,0.445,1,1.0,20-30,employee,0
USER222,6.720216,79.802136,Colombo,mid_range,5,4.0,0.567,0.811,0.862,0.358,1,2.0,31-40,professional,1
USER223,6.997805,79.997159,Nugegoda,mid_range,20,3.0,0.448,0.643,0.332,0.633,3,1.0,41-50,business_owner,1
USER224,6.976268,79.801205,Moratuwa,mid_range,3,4.0,0.215,0.511,0.539,0.65,1,0.5,41-50,employee,0
USER225,6.951692,79.843526,Colombo,premium,5,3.5,0.656,0.556,1.0,0.543,2,2.0,20-30,business_owner,1
USER226,6.803864,79.817588,Nugegoda,mid_range,25,4.0,0.363,0.397,0.714,0.52,2,2.0,20-30,employee,1
USER227,6.878591,79.909663,Colombo,premium,20,4.0,0.35,0.796,0.573,0.565,2,1.0,20-30,employee,0
USER228,6.798675,79.947664,Maharagama,budget,10,3.5,0.75,0.878,0.554,0.685,1,2.0,31-40,employee,0
USER229,6.801106,79.833819,Colombo,mid_range,10,4.0,0.629,0.421,0.312,0.4,1,0.5,31-40,professional,0
USER230,6.949403,79.80714,Kotte,budget,20,4.0,0.546,0.89,0.551,0.574,1,0.5,41-50,employee,0
USER231,6.973273,79.846474,Maharagama,premium,20,4.0,0.428,0.462,1.0,0.423,2,2.0,31-40,business_owner,1
USER232,6.96944,79.87558,Colombo,mid_range,5,3.5,0.561,0.37,0.676,0.823,3,2.0,51-60,business_owner,0
USER233,6.722711,79.825978,Colombo,mid_range,3,3.5,0.389,0.54,0.931,0.266,1,0.5,31-40,employee,1
USER234,6.979535,79.821754,Colombo,premium,25,4.5,0.281,0.679,0.987,0.388,3,1.0,20-30,professional,0
USER235,6.733981,79.846892,Maharagama,mid_range,5,3.5,0.736,0.803,0.382,0.353,1,1.0,31-40,professional,0
USER236,6.78551,79.841355,Malabe,budget,10,3.0,0.523,0.578,0.616,0.455,1,0.5,41-50,employee,0
USER237,6.782202,79.905527,Moratuwa,premium,3,3.5,0.528,0.642,0.881,0.333,3,0.5,20-30,employee,1
USER238,6.919821,79.843033,Maharagama,mid_range,10,4.5,0.87,0.117,1.0,0.493,2,1.0,51-60,employee,1
USER239,6.70138,79.816407,Battaramulla,premium,15,3.5,0.446,0.291,0.965,0.571,1,2.0,60+,retired,1
USER240,6.820782,79.835863,Colombo,mid_range,10,4.0,0.731,0.867,0.668,0.575,1,0.5,20-30,professional,0
USER241,6.972401,79.989684,Battaramulla,budget,5,3.0,0.487,0.606,0.789,0.658,1,0.5,41-50,professional,0
USER242,6.934776,79.933415,Colombo,premium,5,3.5,0.691,0.872,0.719,0.302,2,0.5,31-40,business_owner,1
USER243,6.821616,79.969311,Nugegoda,budget,20,4.0,0.708,0.591,0.818,0.589,1,1.0,31-40,professional,1
USER244,6.864771,79.870821,Nugegoda,mid_range,15,4.5,0.565,0.485,0.81,0.642,1,1.0,41-50,business_owner,1
USER245,6.831563,79.913086,Kotte,mid_range,10,3.5,0.685,1.0,0.568,0.649,3,2.0,31-40,professional,0
USER246,6.985048,79.848054,Colombo,mid_range,15,3.5,0.307,0.506,0.477,0.54,2,2.0,31-40,professional,0
USER247,6.940199,79.903106,Colombo,mid_range,10,4.5,0.591,0.066,0.838,0.458,1,2.0,51-60,professional,1
USER248,6.865802,79.94063,Dehiwala,mid_range,3,3.5,0.72,0.508,0.525,0.625,1,2.0,41-50,business_owner,0
USER249,6.859181,79.907398,Colombo,budget,20,3.5,0.972,0.908,0.422,0.531,1,3.0,20-30,employee,1
USER250,6.761204,79.876467,Maharagama,mid_range,3,4.0,0.455,0.783,0.438,0.287,2,1.0,31-40,professional,1
USER251,6.755592,79.925067,Maharagama,mid_range,15,4.0,0.329,0.742,0.705,0.755,2,1.0,31-40,employee,1
USER252,6.934927,79.982432,Maharagama,premium,20,4.5,0.741,0.471,1.0,0.442,2,2.0,31-40,professional,1
USER253,6.793202,79.904244,Battaramulla,mid_range,10,4.0,0.679,0.864,0.699,0.485,1,2.0,20-30,employee,0
USER254,6.870358,79.974541,Nugegoda,budget,20,3.0,0.454,1.0,0.66,0.311,3,2.0,31-40,employee,0
USER255,6.893261,79.93602,Colombo,premium,10,3.5,0.454,0.542,0.949,0.415,2,2.0,31-40,business_owner,1
USER256,6.708891,79.983273,Colombo,mid_range,15,3.0,0.647,0.362,0.907,0.255,2,2.0,41-50,business_owner,1
USER257,6.750127,79.854551,Maharagama,mid_range,10,3.5,0.599,0.767,0.779,0.46,1,1.0,41-50,retired,0
USER258,6.950365,79.81775,Battaramulla,mid_range,15,3.5,0.426,0.805,0.348,0.0,2,1.0,31-40,business_owner,0
USER259,6.820283,79.998565,Colombo,mid_range,10,4.0,0.405,1.0,0.448,0.312,1,1.0,20-30,employee,0
USER260,6.762637,79.813225,Maharagama,premium,5,4.0,0.342,0.349,0.759,0.641,2,1.0,20-30,professional,0
USER261,6.78912,79.848945,Colombo,mid_range,5,3.5,0.28,0.86,0.734,0.537,1,0.5,51-60,employee,0
USER262,6.734466,79.874171,Malabe,mid_range,10,3.5,0.392,0.747,0.528,0.523,1,2.0,41-50,employee,1
USER263,6.782979,79.988826,Colombo,premium,10,3.5,0.602,0.219,1.0,0.547,1,0.5,41-50,professional,1
USER264,6.89748,79.914149,Colombo,mid_range,5,4.0,0.61,0.309,0.484,0.346,3,3.0,20-30,employee,1
USER265,6.782074,79.863293,Nugegoda,mid_range,20,3.0,0.514,0.607,0.444,0.828,3,0.5,31-40,employee,0
USER266,6.763752,79.988606,Colombo,mid_range,15,3.0,0.651,0.938,0.542,0.546,1,0.5,20-30,employee,0
USER267,6.982888,79.98423,Colombo,premium,5,3.5,0.217,0.463,0.747,0.386,2,0.5,41-50,professional,0
USER268,6.922656,79.977764,Malabe,mid_range,15,4.5,0.491,0.63,0.729,0.483,1,2.0,41-50,employee,0
USER269,6.757183,79.999406,Nugegoda,mid_range,20,3.5,0.423,0.659,1.0,0.78,1,1.0,60+,professional,1
USER270,6.84585,79.831984,Nugegoda,premium,3,4.5,0.614,0.29,1.0,0.574,2,2.0,60+,retired,1
USER271,6.948881,79.808304,Moratuwa,mid_range,15,3.5,0.288,0.776,0.982,0.443,2,0.5,31-40,professional,1
USER272,6.865587,79.816767,Malabe,mid_range,5,3.0,0.523,0.801,0.757,0.298,1,1.0,20-30,employee,1
USER273,6.887794,79.921914,Dehiwala,mid_range,5,4.0,0.614,0.313,1.0,0.642,2,1.0,51-60,business_owner,0
USER274,6.800411,79.852174,Battaramulla,budget,5,3.5,0.162,0.938,0.302,0.763,2,0.5,20-30,professional,0
USER275,6.847571,79.920347,Moratuwa,mid_range,20,4.0,0.568,0.551,0.606,0.249,1,0.5,41-50,professional,1
USER276,6.883035,79.980906,Colombo,mid_range,25,3.5,0.776,0.714,0.563,0.323,2,1.0,20-30,business_owner,0
USER277,6.996496,79.943545,Nugegoda,premium,5,3.5,0.263,0.455,0.831,0.593,1,0.5,31-40,professional,1
USER278,6.906564,79.88694,Nugegoda,mid_range,15,3.5,0.535,0.891,0.776,0.632,1,1.0,20-30,employee,0
USER279,6.963722,79.973427,Colombo,mid_range,10,4.0,0.332,0.405,1.0,0.25,1,1.0,20-30,employee,1
USER280,6.983799,79.836498,Colombo,premium,5,4.0,0.294,0.477,0.678,0.662,1,0.5,51-60,retired,0
USER281,6.97051,79.904612,Moratuwa,mid_range,5,3.5,0.52,0.581,0.531,0.34,1,0.5,41-50,employee,0
USER282,6.964857,79.833132,Moratuwa,mid_range,10,3.5,0.184,0.517,0.617,0.387,1,1.0,41-50,employee,1
USER283,6.741883,79.805869,Dehiwala,premium,15,4.5,0.832,0.653,0.49,0.328,2,2.0,41-50,employee,0
USER284,6.937425,79.87237,Maharagama,premium,10,3.5,0.703,0.005,0.989,0.659,1,0.5,60+,retired,1
USER285,6.813418,79.986554,Nugegoda,budget,15,3.5,0.584,0.851,0.76,0.314,1,3.0,41-50,professional,0
USER286,6.889113,79.841749,Dehiwala,mid_range,5,3.5,0.5,0.784,0.537,0.228,3,1.0,31-40,business_owner,1
USER287,6.840307,79.898061,Colombo,premium,5,3.5,0.637,0.422,0.828,0.358,1,0.5,31-40,employee,1
USER288,6.994459,79.888676,Dehiwala,mid_range,10,3.5,0.592,0.706,0.561,0.197,1,1.0,20-30,employee,0
USER289,6.752335,79.878374,Colombo,premium,10,3.5,0.728,0.398,0.869,0.437,2,0.5,31-40,employee,0
USER290,6.742911,79.986801,Colombo,premium,25,3.5,0.644,0.502,0.64,0.55,1,1.0,31-40,professional,1
USER291,6.836924,79.973514,Maharagama,mid_range,20,4.0,0.2,0.422,0.805,0.747,1,0.5,20-30,employee,1
USER292,6.985109,79.854272,Dehiwala,budget,10,4.0,0.562,0.944,0.282,0.415,1,0.5,31-40,professional,0
USER293,6.799401,79.944382,Maharagama,mid_range,5,4.0,0.367,0.656,0.938,0.472,2,1.0,20-30,professional,1
USER294,6.964475,79.848988,Nugegoda,premium,3,4.5,0.713,0.248,0.978,0.421,1,2.0,51-60,professional,1
USER295,6.942858,79.879845,Moratuwa,mid_range,15,3.5,0.527,0.831,0.603,0.462,1,0.5,31-40,professional,1
USER296,6.860784,79.800236,Nugegoda,mid_range,10,4.5,0.396,0.24,0.678,0.178,1,2.0,51-60,professional,1
USER297,6.898609,79.80097,Nugegoda,budget,10,3.5,0.759,0.556,0.631,0.541,1,1.0,60+,business_owner,1
USER298,6.797741,79.953136,Colombo,premium,10,3.5,0.223,0.563,0.666,0.33,1,1.0,31-40,employee,0
USER299,6.803459,79.904531,Colombo,budget,15,3.5,0.667,0.711,0.641,0.615,2,1.0,60+,retired,0
USER300,6.764378,79.982951,Dehiwala,budget,15,3.5,0.438,0.582,0.424,0.234,3,3.0,41-50,employee,0
USER301,6.774485,79.928306,Nugegoda,mid_range,10,4.0,0.743,0.519,0.568,0.539,1,2.0,31-40,professional,1
USER302,6.752744,79.882104,Colombo,mid_range,15,4.0,0.547,0.388,0.589,0.542,2,1.0,31-40,employee,1
USER303,6.969461,79.855937,Kotte,mid_range,15,4.0,0.736,0.77,0.477,0.373,1,0.5,20-30,employee,0
USER304,6.813772,79.981195,Nugegoda,premium,25,4.5,0.514,0.407,1.0,0.557,1,1.0,41-50,professional,1
USER305,6.861783,79.954614,Nugegoda,premium,25,3.5,0.323,0.395,0.682,0.509,1,0.5,20-30,employee,1
USER306,6.882103,79.881148,Colombo,mid_range,10,3.5,0.421,0.487,0.306,0.686,1,2.0,31-40,employee,1
USER307,6.977671,79.802245,Colombo,budget,15,3.5,0.6,0.61,0.226,0.438,1,0.5,41-50,employee,1
USER308,6.84728,79.970416,Colombo,mid_range,5,3.0,0.705,0.993,0.88,0.462,3,3.0,31-40,business_owner,0
USER309,6.839575,79.98302,Kotte,premium,25,4.5,0.427,0.665,0.936,0.325,3,1.0,31-40,employee,0
USER310,6.956644,79.816326,Nugegoda,premium,10,4.5,0.572,0.377,0.821,0.231,1,0.5,41-50,employee,0
USER311,6.956881,79.853423,Nugegoda,premium,5,3.5,0.943,0.366,0.959,0.782,2,0.5,60+,retired,0
USER312,6.730726,79.825995,Moratuwa,mid_range,20,4.0,0.296,0.497,0.821,0.724,1,0.5,60+,employee,1
USER313,6.806586,79.943818,Nugegoda,budget,10,4.0,0.301,0.719,0.644,0.467,2,3.0,51-60,employee,0
USER314,6.816073,79.844527,Nugegoda,budget,5,3.0,0.569,1.0,0.53,0.245,2,0.5,41-50,employee,1
USER315,6.977719,79.880195,Maharagama,mid_range,10,4.0,0.432,0.428,0.526,0.435,1,1.0,41-50,professional,0
USER316,6.703126,79.935063,Nugegoda,mid_range,5,3.5,0.433,0.676,0.605,0.295,1,0.5,31-40,employee,0
USER317,6.814847,79.903379,Colombo,mid_range,10,4.5,0.568,0.968,0.746,0.194,1,0.5,31-40,employee,0
USER318,6.904556,79.959249,Colombo,mid_range,10,4.0,0.242,0.127,1.0,0.75,3,2.0,51-60,business_owner,1
USER319,6.83931,79.895833,Colombo,budget,10,4.0,0.086,0.58,0.85,0.736,1,1.0,41-50,professional,0
USER320,6.986237,79.910107,Colombo,budget,20,4.0,0.769,0.995,0.474,0.695,1,1.0,20-30,professional,1
USER321,6.744809,79.866844,Colombo,mid_range,15,3.5,0.433,0.836,0.599,0.657,1,1.0,31-40,professional,0
USER322,6.734599,79.954057,Colombo,mid_range,5,4.5,0.512,0.503,0.829,0.418,2,1.0,20-30,employee,0
USER323,6.866551,79.91622,Nugegoda,mid_range,10,3.5,0.728,0.598,0.475,0.357,1,0.5,31-40,professional,1
USER324,6.796889,79.972453,Kotte,mid_range,15,4.5,0.834,0.544,1.0,0.566,2,1.0,51-60,business_owner,0
USER325,6.765607,79.984876,Maharagama,mid_range,10,4.0,0.516,0.812,0.393,0.492,1,0.5,31-40,professional,1
USER326,6.981858,79.900981,Battaramulla,mid_range,15,3.5,0.792,0.656,0.546,0.762,2,0.5,31-40,professional,0
USER327,6.80877,79.811531,Battaramulla,premium,3,3.5,0.733,0.516,0.941,0.466,1,0.5,20-30,employee,0
USER328,6.718627,79.833455,Kotte,mid_range,25,3.0,0.324,0.593,0.657,0.394,1,0.5,31-40,professional,1
USER329,6.912687,79.850473,Moratuwa,mid_range,5,3.5,0.467,0.565,0.591,0.736,1,0.5,41-50,employee,1
USER330,6.901386,79.810855,Malabe,mid_range,15,4.0,0.321,1.0,0.893,0.683,1,1.0,31-40,professional,0
USER331,6.885164,79.989051,Battaramulla,mid_range,20,4.5,0.438,0.713,0.6,0.57,1,0.5,31-40,business_owner,0
USER332,6.988113,79.960466,Colombo,budget,5,3.5,0.354,0.985,0.627,0.481,1,1.0,20-30,employee,0
USER333,6.866741,79.936775,Colombo,premium,20,3.5,0.479,0.365,0.776,0.508,3,2.0,41-50,business_owner,1
USER334,6.742246,79.838542,Colombo,budget,5,3.5,0.436,1.0,0.819,0.278,1,1.0,20-30,employee,1
USER335,6.962104,79.948364,Colombo,premium,10,3.0,0.563,0.508,0.666,0.15,3,1.0,41-50,business_owner,0
USER336,6.863953,79.893641,Moratuwa,premium,5,4.0,0.644,0.614,0.69,0.393,1,1.0,31-40,professional,1
USER337,6.989628,79.990198,Battaramulla,mid_range,10,3.5,0.621,0.565,0.744,0.281,3,2.0,20-30,business_owner,1
USER338,6.819622,79.970889,Moratuwa,budget,15,4.0,0.772,0.536,0.788,0.141,1,0.5,20-30,employee,0
USER339,6.781925,79.932042,Colombo,mid_range,5,3.5,0.534,0.112,0.825,0.528,2,1.0,31-40,business_owner,1
USER340,6.851346,79.837926,Kotte,premium,5,4.0,0.434,0.228,1.0,0.58,1,0.5,51-60,professional,1
USER341,6.917324,79.973209,Colombo,mid_range,15,4.5,0.582,0.602,0.773,0.652,3,1.0,41-50,business_owner,0
USER342,6.764353,79.832883,Moratuwa,mid_range,25,3.0,0.454,0.426,0.638,0.606,1,1.0,41-50,professional,1
USER343,6.877239,79.886459,Colombo,mid_range,5,4.5,0.331,0.322,0.877,0.405,1,0.5,20-30,employee,1
USER344,6.878105,79.812559,Nugegoda,premium,5,4.0,0.616,0.389,0.719,0.906,1,0.5,51-60,professional,1
USER345,6.879669,79.884581,Kotte,premium,5,4.5,0.389,0.829,0.639,0.625,1,1.0,31-40,professional,0
USER346,6.92897,79.825046,Moratuwa,premium,15,4.5,0.814,0.401,1.0,0.66,1,2.0,41-50,business_owner,0
USER347,6.714761,79.865948,Malabe,budget,10,3.5,0.69,0.816,0.166,0.462,1,2.0,20-30,professional,0
USER348,6.867453,79.802167,Dehiwala,mid_range,3,4.0,0.621,0.378,1.0,0.824,3,3.0,51-60,retired,0
USER349,6.99977,79.904022,Malabe,mid_range,20,3.5,0.516,0.541,0.804,0.513,1,0.5,31-40,employee,0
USER350,6.816019,79.85068,Colombo,mid_range,20,4.5,0.322,0.605,0.696,0.332,1,2.0,20-30,professional,1
USER351,6.919682,79.809974,Colombo,premium,5,4.5,0.637,0.469,0.624,0.642,1,1.0,41-50,business_owner,1
USER352,6.888339,79.974448,Colombo,mid_range,15,3.0,0.493,0.636,0.271,0.66,1,3.0,31-40,employee,1
USER353,6.770872,79.814109,Malabe,premium,20,3.5,0.299,0.653,0.698,0.528,1,2.0,20-30,professional,0
USER354,6.765092,79.93064,Colombo,premium,5,4.0,0.595,0.539,0.901,0.728,2,1.0,60+,business_owner,1
USER355,6.916654,79.967975,Kotte,mid_range,5,3.5,0.699,0.601,0.355,0.557,3,3.0,31-40,business_owner,0
USER356,6.784459,79.961622,Dehiwala,mid_range,20,4.0,0.5,0.533,0.427,0.421,2,2.0,20-30,employee,0
USER357,6.743595,79.940643,Maharagama,budget,15,4.0,0.594,0.736,0.664,0.55,1,2.0,20-30,professional,0
USER358,6.894927,79.815126,Colombo,mid_range,5,4.0,0.44,0.51,0.879,0.31,1,0.5,31-40,professional,1
USER359,6.768363,79.935924,Moratuwa,mid_range,5,4.0,0.617,0.284,0.823,0.823,1,1.0,41-50,business_owner,1
USER360,6.885201,79.993842,Moratuwa,mid_range,15,3.0,0.562,0.36,0.727,0.726,3,3.0,31-40,employee,0
USER361,6.749447,79.98569,Colombo,mid_range,3,4.0,0.593,0.74,0.727,0.538,3,0.5,31-40,business_owner,0
USER362,6.827698,79.866864,Maharagama,premium,3,3.5,0.794,0.147,1.0,0.709,2,1.0,60+,retired,1
USER363,6.711567,79.903357,Colombo,mid_range,10,4.0,0.593,0.465,0.631,0.366,1,1.0,31-40,employee,1
USER364,6.86603,79.869964,Colombo,premium,15,4.5,0.415,0.474,0.994,0.865,1,1.0,51-60,employee,0
USER365,6.920881,79.859372,Malabe,premium,5,4.0,0.229,0.724,0.83,0.626,3,1.0,31-40,professional,1
USER366,6.731301,79.950796,Colombo,premium,5,3.5,0.614,0.653,0.774,0.307,2,0.5,31-40,professional,0
USER367,6.78546,79.915442,Colombo,premium,5,4.5,0.595,0.27,1.0,0.414,1,2.0,60+,retired,1
USER368,6.84878,79.861562,Kotte,budget,15,3.0,0.547,0.646,0.454,0.589,1,0.5,20-30,employee,1
USER369,6.752386,79.827358,Battaramulla,premium,3,4.0,0.368,0.042,0.556,0.671,1,1.0,60+,professional,1
USER370,6.741368,79.879413,Maharagama,mid_range,5,3.5,0.243,0.654,0.848,0.489,2,3.0,20-30,professional,0
USER371,6.959701,79.841106,Nugegoda,mid_range,25,4.0,0.672,0.862,0.76,0.688,2,1.0,31-40,employee,0
USER372,6.935942,79.984958,Maharagama,premium,20,3.0,0.369,0.413,0.772,0.519,2,2.0,31-40,professional,1
USER373,6.942522,79.806823,Battaramulla,mid_range,25,3.5,0.668,0.512,0.858,0.714,3,1.0,31-40,business_owner,1
USER374,6.938702,79.949779,Dehiwala,premium,10,4.0,0.566,0.158,0.832,0.692,1,1.0,20-30,professional,1
USER375,6.856747,79.894988,Kotte,mid_range,10,4.5,0.39,0.511,0.778,0.34,2,2.0,41-50,professional,1
USER376,6.985049,79.879863,Dehiwala,budget,5,4.0,0.812,0.439,0.921,0.646,2,1.0,51-60,professional,1
USER377,6.780282,79.996139,Dehiwala,budget,5,4.0,0.36,0.374,0.558,0.538,1,0.5,60+,employee,0
USER378,6.797999,79.975969,Moratuwa,mid_range,5,3.5,0.735,0.759,0.301,0.741,2,1.0,41-50,business_owner,0
USER379,6.921139,79.85146,Colombo,mid_range,3,3.5,0.572,0.473,0.781,0.578,2,0.5,60+,retired,1
USER380,6.818918,79.895548,Nugegoda,budget,10,3.5,0.735,0.855,0.862,0.223,1,1.0,31-40,professional,0
USER381,6.71904,79.899759,Dehiwala,mid_range,5,4.0,0.433,0.494,0.563,0.48,1,3.0,41-50,employee,1
USER382,6.758183,79.86774,Dehiwala,premium,25,4.5,0.597,0.187,0.827,0.357,1,1.0,31-40,professional,1
USER383,6.977863,79.818437,Colombo,mid_range,20,3.5,0.471,0.666,0.863,0.57,1,1.0,60+,retired,0
USER384,6.935267,79.942359,Maharagama,mid_range,10,3.0,0.457,0.279,0.663,0.545,3,2.0,41-50,employee,1
USER385,6.722025,79.965173,Dehiwala,mid_range,10,4.0,0.229,0.101,0.557,0.859,1,0.5,51-60,employee,1
USER386,6.988217,79.873974,Maharagama,mid_range,10,4.0,0.262,0.861,0.834,0.637,2,2.0,31-40,business_owner,0
USER387,6.765804,79.956673,Nugegoda,budget,10,3.5,0.525,0.734,0.536,0.06,1,1.0,31-40,employee,1
USER388,6.891579,79.834786,Kotte,premium,5,4.0,0.612,0.198,1.0,0.599,1,1.0,51-60,professional,1
USER389,6.910322,79.917684,Moratuwa,mid_range,5,3.0,0.433,0.224,1.0,0.776,1,2.0,51-60,employee,1
USER390,6.763285,79.931062,Dehiwala,mid_range,10,3.5,0.482,0.622,0.973,0.307,1,0.5,31-40,employee,1
USER391,6.860616,79.87986,Nugegoda,mid_range,5,4.0,0.245,0.501,0.713,0.318,2,1.0,41-50,employee,1
USER392,6.72829,79.90618,Dehiwala,budget,25,4.0,0.585,0.711,0.102,0.517,2,1.0,20-30,employee,1
USER393,6.857991,79.843483,Colombo,mid_range,5,4.0,0.282,0.542,0.827,0.727,1,0.5,51-60,professional,0
USER394,6.853366,79.806224,Nugegoda,mid_range,5,4.0,0.505,0.597,0.931,0.265,2,0.5,60+,retired,1
USER395,6.747857,79.892016,Colombo,mid_range,5,3.5,0.652,0.525,0.436,0.348,1,2.0,20-30,professional,0
USER396,6.849891,79.885432,Maharagama,mid_range,5,3.5,0.745,0.312,0.975,0.562,1,1.0,60+,retired,1
USER397,6.846582,79.824996,Moratuwa,mid_range,5,4.0,0.585,0.651,0.687,0.606,2,2.0,41-50,professional,0
USER398,6.723981,79.920694,Battaramulla,mid_range,10,3.5,0.402,0.681,0.655,0.76,2,0.5,31-40,professional,0
USER399,6.916358,79.87324,Moratuwa,budget,5,4.0,0.429,1.0,0.622,0.395,2,0.5,20-30,professional,0
USER400,6.800309,79.961938,Nugegoda,mid_range,10,4.0,0.667,0.016,1.0,0.829,1,1.0,51-60,professional,1
